id,created_at,updated_at,created_by,updated_by,image,size,content_type,is_default,product_id
29,2023-11-18 15:43:48,2023-12-29 02:18:03,,,https://product.hstatic.net/200000438087/product/giay_an_vuong_33x33_9e0199c26e944ab39f43ec4198bee678_master.png,,,true,17
30,2023-11-18 15:43:48,2023-12-29 02:18:03,,,https://product.hstatic.net/200000438087/product/a19_656502851be844819175154d1408c5c2_master.png,,,true,18
31,2023-11-18 15:43:48,2023-12-29 02:18:03,,,https://product.hstatic.net/200000438087/product/a10_3a4fc7df737a4666a1875a8475bab4b2_master.png,,,true,19
32,2023-11-18 15:43:48,2023-12-29 02:18:03,,,https://product.hstatic.net/200000438087/product/a21_ab249ab9a5a94279b79318594c41dc5e_master.png,,,true,20
33,2023-11-18 15:43:48,2023-12-29 02:18:03,,,https://product.hstatic.net/200000438087/product/a20_38f48dd2719943bab661ca299faaa5dc_master.png,,,true,21
34,2023-11-18 15:43:48,2023-12-29 02:18:03,,,https://product.hstatic.net/200000438087/product/a22_e9c556a0f8a44578a23adb6056774409_master.png,,,true,22
35,2023-11-18 15:43:48,2023-12-29 02:18:03,,,https://product.hstatic.net/200000438087/product/rt3203a_86a5c1c9638648f783827fb9eb3a9c77_master.png,,,true,23
36,2023-11-18 15:43:48,2023-12-29 02:18:03,,,https://product.hstatic.net/200000438087/product/screenshot_20230703_182045_chrome_7c86e9b1710140ff81d6a304479f7df8_master.jpg,,,true,24
37,2023-11-18 15:43:48,2023-12-29 02:18:03,,,https://product.hstatic.net/200000438087/product/nuoc-rua-tay-seifa-5-kg-2-500x500__1__417884149ea74de2bd554664ce46f99e_master.png,,,true,25
38,2023-11-18 15:43:48,2023-12-29 02:18:03,,,https://product.hstatic.net/200000438087/product/bao-rac-3-cuon-den-2932_0d2f0cb85bbc4e4a846b74c82a606bce_master.jpg,,,true,26
39,2023-11-18 15:43:48,2023-12-29 02:18:03,,,https://product.hstatic.net/200000438087/product/a62_3fd4a8f97c7b4107a731c2890f03263f_80934af483c24b5e83353210793ab252_master.jpg,,,true,27
40,2023-11-18 15:43:48,2023-12-29 02:18:03,,,https://product.hstatic.net/200000438087/product/bao-rac-3-cuon-den-2932_ad2c7a93d42c4a25aafa19590535633a_master.jpg,,,true,28
41,2023-11-18 15:43:48,2023-12-29 02:18:03,,,https://product.hstatic.net/200000438087/product/bao-rac-3-cuon-den-2932_102d5105f626445c868421594031310b_master.jpg,,,false,28
42,2023-11-18 15:43:48,2023-12-29 02:18:03,,,https://product.hstatic.net/200000438087/product/a62_3fd4a8f97c7b4107a731c2890f03263f_53393f7e1cc04188b521470c1ab77d83_master.jpg,,,true,29
43,2023-11-18 15:43:48,2023-12-29 02:18:03,,,https://product.hstatic.net/200000438087/product/bao-rac-3-cuon-den-2932_46a3839a7a3c4a31ba8f868ff7e133a2_master.jpg,,,true,30
44,2023-11-18 15:43:48,2023-12-29 02:18:03,,,https://product.hstatic.net/200000438087/product/a62_3fd4a8f97c7b4107a731c2890f03263f_fa2da6ec3cbc4dc1b64ca39c1aa759fb_master.jpg,,,true,31
45,2023-11-18 15:43:48,2023-12-29 02:18:03,,,https://product.hstatic.net/200000438087/product/a62_7f01efd234494b498b0617e320c1a97e_master.jpg,,,true,32
46,2023-11-18 15:43:48,2023-12-29 02:18:03,,,https://product.hstatic.net/200000438087/product/a54_a2cd31e4057d4449b8ec21cb2b202fba_7577ec44bf4240ed8e744097c0e9a306_master.jpg,,,true,33
47,2023-11-18 15:43:48,2023-12-29 02:18:03,,,https://product.hstatic.net/200000438087/product/a54_a2cd31e4057d4449b8ec21cb2b202fba_b0f80c8d4b294ba688cf30e640bb003a_master.jpg,,,true,34
48,2023-11-18 15:43:48,2023-12-29 02:18:03,,,https://product.hstatic.net/200000438087/product/a54_a2cd31e4057d4449b8ec21cb2b202fba_4ded9bd068554a18a20470ab83a66fc4_master.jpg,,,true,35
49,2023-11-18 15:43:48,2023-12-29 02:18:03,,,https://product.hstatic.net/200000438087/product/a54_a2cd31e4057d4449b8ec21cb2b202fba_dbd2571199474a868b913c5a2d366182_master.jpg,,,true,36
50,2023-11-18 15:43:48,2023-12-29 02:18:03,,,https://product.hstatic.net/200000438087/product/img_1695922359117_1695955345473_80e1731519c8474ebe8c0a94ec2e4466_master.jpg,,,true,37
51,2023-11-18 15:43:48,2023-12-29 02:18:03,,,https://product.hstatic.net/200000438087/product/ly-01_745082551c2c425fb903e7f94c17e2c9_master.jpg,,,false,37
52,2023-11-18 15:43:48,2023-12-29 02:18:03,,,https://product.hstatic.net/200000438087/product/logo_eco_a7-12_19c505c659ae4434b07085704c3ed73c_00389f12aab34393ae53316b3185e812_master.jpg,,,false,37
53,2023-11-18 15:43:48,2023-12-29 02:18:03,,,https://product.hstatic.net/200000438087/product/img_1695922359560_1695955345605_8ce770ddc30f46b19a3843e60ced2541_master.jpg,,,true,38
54,2023-11-18 15:43:48,2023-12-29 02:18:03,,,https://product.hstatic.net/200000438087/product/ly-02_3b847dbd8d6c4a0cb69c88d595f89b7a_6ab2f6013b0844f9a5a4fbe8059b2175_master.jpg,,,false,38
55,2023-11-18 15:43:48,2023-12-29 02:18:03,,,https://product.hstatic.net/200000438087/product/logo_eco_a7-11_20e90689e0f0482897426931f46c6695_dc79743444214a30ab5f8663a784495d_master.jpg,,,false,38
56,2023-11-18 15:43:48,2023-12-29 02:18:03,,,https://product.hstatic.net/200000438087/product/fest-choice-cup-65-oz-01_ed384a630ba74442a1aade9c78b9ae22_master.jpg,,,false,38
57,2023-11-18 15:43:48,2023-12-29 02:18:03,,,https://product.hstatic.net/200000438087/product/img_1695922360149_1695955345697_7a2c6e5f15c44bf19d44c7aa76241d4c_master.jpg,,,true,39
58,2023-11-18 15:43:48,2023-12-29 02:18:03,,,https://product.hstatic.net/200000438087/product/ly-03_abf771c66e0e4c39afa3fd07098d37ca_a8b60257a8724b3bac5412d74fae6354_master.jpg,,,false,39
59,2023-11-18 15:43:48,2023-12-29 02:18:03,,,https://product.hstatic.net/200000438087/product/logo_eco_a7-10_e7f142ffa824451ab471197bd59f7112_0c35c88384784ad8a223f77ce5055341_master.jpg,,,false,39
60,2023-11-18 15:43:48,2023-12-29 02:18:03,,,https://product.hstatic.net/200000438087/product/img_1695922360630_1695955345741_06d0620b43f444c0a238fc15cd474231_master.jpg,,,true,40
61,2023-11-18 15:43:48,2023-12-29 02:18:03,,,https://product.hstatic.net/200000438087/product/ly-a_f841bb97fd854c9d9042967a9a997cc4_dd671a2c9a2342d7893bdb5854d018a1_master.jpg,,,false,40
62,2023-11-18 15:43:48,2023-12-29 02:18:03,,,https://product.hstatic.net/200000438087/product/logo_eco_a7-09_6f64fa52d8e14967882388227fa5eb23_9e245ebca4a74cafa6baeb896341434b_master.jpg,,,false,40
63,2023-11-18 15:43:48,2023-12-29 02:18:03,,,https://product.hstatic.net/200000438087/product/img_1695922361209_1695955345774_2787eba4036d45daa591fedeac5683f4_master.jpg,,,true,41
64,2023-11-18 15:43:48,2023-12-29 02:18:03,,,https://product.hstatic.net/200000438087/product/ly-05_943cc5b7ae244ff39b66cfe212497600_35927d2e18034849aeca4bd25c808f36_master.jpg,,,false,41
65,2023-11-18 15:43:48,2023-12-29 02:18:03,,,https://product.hstatic.net/200000438087/product/logo_eco_a7-08_74e3eaa9c2e649c5954b901aa27c2ce1_a51e557af7b74b3cad6c9d6d7fc5537c_master.jpg,,,false,41
66,2023-11-18 15:43:48,2023-12-29 02:18:03,,,https://product.hstatic.net/200000438087/product/img_1695922361700_1695955345822_2498afe5aefd4a23b84298dc247ecd3c_master.jpg,,,true,42
67,2023-11-18 15:43:48,2023-12-29 02:18:03,,,https://product.hstatic.net/200000438087/product/ly-06_e46981df51564e51a6b5870a842db70b_8ebd2e5a601f4bc0a04fa0088f223b56_master.jpg,,,false,42
68,2023-11-18 15:43:48,2023-12-29 02:18:03,,,https://product.hstatic.net/200000438087/product/logo_eco_a7-07_325bf72e84514236a6601ab8880278b3_dbe58afaba5a45dcb757f7d713bc3c28_master.jpg,,,false,42
69,2023-11-18 15:43:48,2023-12-29 02:18:03,,,https://product.hstatic.net/200000438087/product/img_1695922362050_1695955345876_0bd553bb976042c09017bd78d5898afc_master.jpg,,,true,43
70,2023-11-18 15:43:48,2023-12-29 02:18:03,,,https://product.hstatic.net/200000438087/product/ly-07_e5a88bd746ba4bc4997b6526033bd625_4e493aafce5c4f4db87ab100ffda4c6a_master.jpg,,,false,43
71,2023-11-18 15:43:48,2023-12-29 02:18:03,,,https://product.hstatic.net/200000438087/product/logo_eco_a7-06_f42da1d71fb049239e3dbf1b0da9684a_c9977e3884aa405cb1efe3fa649a1fa4_master.jpg,,,false,43
72,2023-11-18 15:43:48,2023-12-29 02:18:03,,,https://product.hstatic.net/200000438087/product/2_lop_9oz_063aaeb627de429a93d78ed9f06e0bcb_master.png,,,true,44
73,2023-11-18 15:43:48,2023-12-29 02:18:03,,,https://product.hstatic.net/200000438087/product/2_lop_12oz_13d41c4692cb4bf8a51ec8b0fa5807f9_master.jpg,,,true,45
74,2023-11-18 15:43:48,2023-12-29 02:18:03,,,https://product.hstatic.net/200000438087/product/2_lop_16oz_742690eb8177459b8883346bb402f7b1_master.png,,,true,46
75,2023-11-18 15:43:48,2023-12-29 02:18:03,,,https://product.hstatic.net/200000438087/product/a73_a84f7b09e3a14e9b86645a0b766ef14f_master.png,,,true,47
76,2023-11-18 15:43:48,2023-12-29 02:18:03,,,https://product.hstatic.net/200000438087/product/20230225_113440_ad66080166904a6fbd768d9c9dbf9551_master.jpg,,,false,47
77,2023-11-18 15:43:48,2023-12-29 02:18:03,,,https://product.hstatic.net/200000438087/product/a73_e7dd5572f013453c84210228ac2aee77_master.png,,,true,48
78,2023-11-18 15:43:48,2023-12-29 02:18:03,,,https://product.hstatic.net/200000438087/product/20230225_113452_df010f2a81d24196ae1291fd333347b4_master.jpg,,,false,48
79,2023-11-18 15:43:48,2023-12-29 02:18:03,,,https://product.hstatic.net/200000438087/product/a73_22fda3700dce46288a9c698ea40e50ce_master.png,,,true,49
80,2023-11-18 15:43:48,2023-12-29 02:18:03,,,https://product.hstatic.net/200000438087/product/20230225_113503_df59f827f9264333a3228724c4f01dae_master.jpg,,,false,49
81,2023-11-18 15:43:48,2023-12-29 02:18:03,,,https://product.hstatic.net/200000438087/product/fest-plastic-cup-lid-8-oz-black_b6a8b9f7138b4d92bc72397d40c1929c_large_85341e83a442491a91a5241d8923b2e1_master.png,,,true,50
82,2023-11-18 15:43:48,2023-12-29 02:18:03,,,https://product.hstatic.net/200000438087/product/nap_trang_6ca61b37cb4f461aa9dc23591feab765_master.png,,,true,51
83,2023-11-18 15:43:48,2023-12-29 02:18:03,,,https://product.hstatic.net/200000438087/product/01fest-plastic-cup-lid-8-oz-black_b6a8b9f7138b4d92bc72397d40c1929c_master.png,,,true,52
84,2023-11-18 15:43:48,2023-12-29 02:18:03,,,https://product.hstatic.net/200000438087/product/3_46f92949f9e74932988c72aec2201939_9ea88ee482c943c6815c5ffb4d1598a3_master.jpg,,,false,52
85,2023-11-18 15:43:48,2023-12-29 02:18:03,,,https://product.hstatic.net/200000438087/product/hinh_web_bo_sung-19_3a181694eb934ef4aef579563d2c65cf_master.png,,,true,53
86,2023-11-18 15:43:48,2023-12-29 02:18:03,,,https://product.hstatic.net/200000438087/product/1_c57d83655e7848968777f37ff472b0a8_f9f2a5f79a8f4641bcda497af1bb07f1_master.jpg,,,false,53
87,2023-11-18 15:43:48,2023-12-29 02:18:03,,,https://product.hstatic.net/200000438087/product/hinh_web_bo_sung-20_4569be2849394e0ead4f1191e95ddd76_master.png,,,true,54
88,2023-11-18 15:43:48,2023-12-29 02:18:03,,,https://product.hstatic.net/200000438087/product/nap_trang_2bbfe57cb1d449aeb76e32a52cc5dc02_master.png,,,true,55
89,2023-11-18 15:43:48,2023-12-29 02:18:03,,,https://product.hstatic.net/200000438087/product/01fest-plastic-cup-lid-8-oz-black_f5e9bbac4b344a65b70c5f69f3289398_master.png,,,true,56
90,2023-11-18 15:43:48,2023-12-29 02:18:03,,,https://product.hstatic.net/200000438087/product/3_46f92949f9e74932988c72aec2201939_2d12fbab918c41ddbe555bdf038e62e5_7256a1e0ca5d42d4b42507125c1e40bf_master.jpg,,,false,56
91,2023-11-18 15:43:48,2023-12-29 02:18:03,,,https://product.hstatic.net/200000438087/product/20230225_120434_7950279e676e4f869276b2cc3ed32e24_master.png,,,true,57
92,2023-11-18 15:43:48,2023-12-29 02:18:03,,,https://product.hstatic.net/200000438087/product/logo_eco_a16-06_8db46187e80a46819a218bbb79c86bea_905c4cffdfc44deebe1e5ca0c5191390_master.jpg,,,false,57
93,2023-11-18 15:43:48,2023-12-29 02:18:03,,,https://product.hstatic.net/200000438087/product/69_9644a07dd29140829510d3732716ab00_master.png,,,true,58
94,2023-11-18 15:43:48,2023-12-29 02:18:03,,,https://product.hstatic.net/200000438087/product/69__1__4547e129e0e746fd8c05ac0132cc02fb_master.png,,,true,59
95,2023-11-18 15:43:48,2023-12-29 02:18:03,,,https://product.hstatic.net/200000438087/product/b54b6aecf9ce2214d06d7938d6e09a9e__2__7de12f2a0fa44f8fb6da4cd15b612dba_master.png,,,true,60
96,2023-11-18 15:43:48,2023-12-29 02:18:03,,,https://product.hstatic.net/200000438087/product/bp008_b5aa0360f0c144a79c71fd6202c99ad7_master.png,,,true,61
97,2023-11-18 15:43:48,2023-12-29 02:18:03,,,https://product.hstatic.net/200000438087/product/bp013_e0f03f8f0202414a9e68023f4edf9bf8_master.png,,,true,62
98,2023-11-18 15:43:48,2023-12-29 02:18:03,,,https://product.hstatic.net/200000438087/product/fest-bio-brown-plate-9-inches-03_9471e41e2c4244e88437f6f392a8d246_79162d0f2be648faaa9a37cf02bf4f0e_master.jpg,,,false,62
99,2023-11-18 15:43:48,2023-12-29 02:18:03,,,https://product.hstatic.net/200000438087/product/logo_eco_a4-13_9d4424f9465947bcb38cfbb93b598957_1e935c4f3f8545f1ae4e59e843f72c5e_master.jpg,,,false,62
100,2023-11-18 15:43:48,2023-12-29 02:18:03,,,https://product.hstatic.net/200000438087/product/bp005_5380a09bd2b34c15a5a6b1a687aa9922_master.png,,,true,63
101,2023-11-18 15:43:48,2023-12-29 02:18:03,,,https://product.hstatic.net/200000438087/product/logo_eco_a4-12_2eda0a193ffd43e89f513884ff5e7c22_eb1079a615504973b354d64cf6cba317_master.jpg,,,false,63
102,2023-11-18 15:43:48,2023-12-29 02:18:03,,,https://product.hstatic.net/200000438087/product/untitled-1-12_9ce2dbe3b2f8456fbbb06a2cf7dc7d5b_master.png,,,true,64
103,2023-11-18 15:43:48,2023-12-29 02:18:03,,,https://product.hstatic.net/200000438087/product/logo_eco_2-13_37b97836e2ee4d4390f69b189766ce2f_c4cff688353f43bc940759246f66e56f_master.jpg,,,false,64
104,2023-11-18 15:43:48,2023-12-29 02:18:03,,,https://product.hstatic.net/200000438087/product/est-bio-brown-oval-plate-65-inches-03_791aa5d0b19140aeab5843e2f6c52799_c81bc3fd0a92492a85bb4d8d0808fe51_master.jpg,,,false,64
105,2023-11-18 15:43:48,2023-12-29 02:18:03,,,https://product.hstatic.net/200000438087/product/brp0302_b0ce2a23517041f080bb986c9f3df760_master.png,,,true,65
106,2023-11-18 15:43:48,2023-12-29 02:18:03,,,https://product.hstatic.net/200000438087/product/p009_f1c4ec7f8a5d4d02bdfbd66348cead35_master.png,,,true,66
107,2023-11-18 15:43:48,2023-12-29 02:18:03,,,https://product.hstatic.net/200000438087/product/fest_bio_plate_6.5-500x500_3acb788001ff4cae8b2eb4354111450f_de9c3dd566234f4a84b32dc0f5c6bdeb_master.jpg,,,false,66
108,2023-11-18 15:43:48,2023-12-29 02:18:03,,,https://product.hstatic.net/200000438087/product/logo_eco_2-12_c3992c1f5e7a454ba2cff58d3d367089_cb3e4f4e54a84c7cbe922b17c1392618_master.jpg,,,false,66
109,2023-11-18 15:43:48,2023-12-29 02:18:03,,,https://product.hstatic.net/200000438087/product/logo_eco_a6-01_e1b6c9adcb9245f3995f10deae418e89_a4c0003197634df794f3010735da77bf_master.jpg,,,false,66
110,2023-11-18 15:43:48,2023-12-29 02:18:03,,,https://product.hstatic.net/200000438087/product/bio-09_e1e56f7275574c4282d6ab07c6b6b942_42501a97353b48b59b99dd478f6937a7_master.jpg,,,false,66
111,2023-11-18 15:43:48,2023-12-29 02:18:03,,,https://product.hstatic.net/200000438087/product/p008_bf69ec85d3164d1cb1eebee417587df1_master.png,,,true,67
112,2023-11-18 15:43:48,2023-12-29 02:18:03,,,https://product.hstatic.net/200000438087/product/fest-bio-plate-8-inches-02_89c1c91f9a104a4da65611aa7f9faec4_80a082206cb9486cb7079d186ede4227_master.jpg,,,false,67
113,2023-11-18 15:43:48,2023-12-29 02:18:03,,,https://product.hstatic.net/200000438087/product/logo_eco_a4-11_fe30041fd4054dd78a02c1ecc0bacca0_31c2ae89a4a3435da1ef8c90eeb70964_master.jpg,,,false,67
114,2023-11-18 15:43:48,2023-12-29 02:18:03,,,https://product.hstatic.net/200000438087/product/logo_eco_a6-05_eebbd8c8aa4c4bef9dd118c76013f9dc_2d581baa821742688e0224f1e9203ac0_master.jpg,,,false,67
115,2023-11-18 15:43:48,2023-12-29 02:18:03,,,https://product.hstatic.net/200000438087/product/bio-11_6bd75edf7902413782c59ecca5073c3f_cf6a5c2562ae45709fd28bce725c36cb_master.jpg,,,false,67
116,2023-11-18 15:43:48,2023-12-29 02:18:03,,,https://product.hstatic.net/200000438087/product/p013_f399c049f3c54b71838b067e14bc708e_master.png,,,true,68
117,2023-11-18 15:43:48,2023-12-29 02:18:03,,,https://product.hstatic.net/200000438087/product/fest-choice-plate-9-inches-01_41ac62950b2941f9bd19300861c26cb7_9d528943977d4ca0abd1111ed18d9f53_master.jpg,,,false,68
118,2023-11-18 15:43:48,2023-12-29 02:18:03,,,https://product.hstatic.net/200000438087/product/logo_eco_a4-10_7e7f81838c3643db8ecd7c885fad9607_68b504b33fd349fc8cbd6ab37d2a1fa2_master.jpg,,,false,68
119,2023-11-18 15:43:48,2023-12-29 02:18:03,,,https://product.hstatic.net/200000438087/product/logo_eco_a6-03_40659a4268d440df8caf4c13702f6ddb_a05234732e944cbaa73203012299dc25_master.jpg,,,false,68
120,2023-11-18 15:43:48,2023-12-29 02:18:03,,,https://product.hstatic.net/200000438087/product/bio-12_68fbeaa9a9924c009f4a0e047a6dcc9b_master.jpg,,,false,68
121,2023-11-18 15:43:48,2023-12-29 02:18:03,,,https://product.hstatic.net/200000438087/product/1000035597_d334ae1fa7414b78864f0b9d05107429_master.png,,,true,69
122,2023-11-18 15:43:48,2023-12-29 02:18:03,,,https://product.hstatic.net/200000438087/product/a51_c8474b9ac8a146448fc14cd7b107e5ef_master.png,,,true,70
123,2023-11-18 15:43:48,2023-12-29 02:18:03,,,https://product.hstatic.net/200000438087/product/dia_hoa_tiet_948ea154306449a79621a0aad4e7ef65_master.png,,,true,71
124,2023-11-18 15:43:48,2023-12-29 02:18:03,,,https://product.hstatic.net/200000438087/product/1000035573_e3ba3db39bc84cb8955ef3e486f50f6c_master.png,,,true,72
125,2023-11-18 15:43:48,2023-12-29 02:18:03,,,https://product.hstatic.net/200000438087/product/dia_7_a75a4003008a4c7bb3634ace0e2f0eb5_master.png,,,true,73
126,2023-11-18 15:43:48,2023-12-29 02:18:03,,,https://product.hstatic.net/200000438087/product/_-_-9-_2_42cbe6c02c464bf18ff4b570626f53da_master.jpg,,,false,73
127,2023-11-18 15:43:48,2023-12-29 02:18:03,,,https://product.hstatic.net/200000438087/product/fest-choice-plate-7-inches.-01_4b3cdbe2940945479a8366ab3b46dfad_85c815ebb5654ee88abe8b274edef375_master.jpg,,,false,73
128,2023-11-18 15:43:48,2023-12-29 02:18:03,,,https://product.hstatic.net/200000438087/product/l00_cd4ff8065e514df7be2d1fb29395c70d_master.png,,,true,74
129,2023-11-18 15:43:48,2023-12-29 02:18:03,,,https://product.hstatic.net/200000438087/product/fest_bio_bowl_350-500x500_af417bb4b7e541108540d17638cd7c62_d17e9e2e3afa4a5197718bf33c8ce9ea_master.jpg,,,false,74
130,2023-11-18 15:43:48,2023-12-29 02:18:03,,,https://product.hstatic.net/200000438087/product/logo_eco_a10-05_645959b7598e4dc7a2066967f0bc2dc4_1609046e8b91401ebb3f927a396c790c_master.jpg,,,false,74
131,2023-11-18 15:43:48,2023-12-29 02:18:03,,,https://product.hstatic.net/200000438087/product/logo_eco_a10-06_74274f7b1ed74bd0ab4c5a6c4be41a8e_de66cb42c3d24af4bb15ed2abf4baa55_master.jpg,,,false,74
132,2023-11-18 15:43:48,2023-12-29 02:18:03,,,https://product.hstatic.net/200000438087/product/bio-08_e15b4ff681c04af1920059d7e8c685a4_01c0a4a0ddaf45bda316a58fccc437e1_master.jpg,,,false,74
133,2023-11-18 15:43:48,2023-12-29 02:18:03,,,https://product.hstatic.net/200000438087/product/l00_277f29a3740847a9afbc98edf42c0ecf_master.png,,,true,75
134,2023-11-18 15:43:48,2023-12-29 02:18:03,,,https://product.hstatic.net/200000438087/product/fest-bio-bowl-875-ml-02__1__5710d8aaa8334bcb869ae46c3ff53b57_8918007c357547328263bccc9f267ace_master.jpg,,,false,75
135,2023-11-18 15:43:48,2023-12-29 02:18:03,,,https://product.hstatic.net/200000438087/product/bio-07_f706de15c33248c8860e82553c29e8f0_master.jpg,,,false,75
136,2023-11-18 15:43:48,2023-12-29 02:18:03,,,https://product.hstatic.net/200000438087/product/logo_eco_a11-15_ea63cbdf9ad54b249d14240a577c99bb_e4b7fd6c00ab449399398b0e578146f5_master.jpg,,,false,75
137,2023-11-18 15:43:48,2023-12-29 02:18:03,,,https://product.hstatic.net/200000438087/product/logo_eco_a10-02_3eea43a81e3a4a72a30d05336831bb9d_7718216f6b05489aa050d61f7ed15afd_master.jpg,,,false,75
138,2023-11-18 15:43:48,2023-12-29 02:18:03,,,https://product.hstatic.net/200000438087/product/to_kraft_1__2__57e6eb283fa2407e842e29e52556c050_master.png,,,true,76
139,2023-11-18 15:43:48,2023-12-29 02:18:03,,,https://product.hstatic.net/200000438087/product/fest-daily-wide-bowl-1000-ml-01_4f643d2763994f4c8cb9cf1a457ed791_master.jpg,,,false,76
140,2023-11-18 15:43:48,2023-12-29 02:18:03,,,https://product.hstatic.net/200000438087/product/fest-daily-wide-bowl-750-ml-01_4ff862e168ee438b902771363dd7aed3_master.jpg,,,false,76
141,2023-11-18 15:43:48,2023-12-29 02:18:03,,,https://product.hstatic.net/200000438087/product/to-06_f92ec40d8d3245e9a1c5124a28dcff37_105a280cc75d4cee8849e011e53acc41_master.jpg,,,false,76
142,2023-11-18 15:43:48,2023-12-29 02:18:03,,,https://product.hstatic.net/200000438087/product/logo_eco_a10-12_ca6dca2417a74fb8a1d533b317a8bfc4_07ff4201d88648e48995908d2d98c1ce_master.jpg,,,false,76
143,2023-11-18 15:43:48,2023-12-29 02:18:03,,,https://product.hstatic.net/200000438087/product/logo_eco_a10-14_afa4d4c0526440adbc1c752f37f7e361_e6516556ba864c63abab46320d94c304_master.jpg,,,false,76
144,2023-11-18 15:43:48,2023-12-29 02:18:03,,,https://product.hstatic.net/200000438087/product/logo_eco_a10-11_d0abf27bde9841258ebd498298cb0bda_a77752dabbbd4ad393a2ba34feed8f8e_master.jpg,,,false,76
145,2023-11-18 15:43:48,2023-12-29 02:18:03,,,https://product.hstatic.net/200000438087/product/to_kraft_4__2__b11243e9b9414424a9967a3e03418e1c_master.png,,,true,77
146,2023-11-18 15:43:48,2023-12-29 02:18:03,,,https://product.hstatic.net/200000438087/product/fest-daily-wide-bowl-1000-ml-01_b9aecde0b907474e921e3b2f395f59d9_master.jpg,,,false,77
147,2023-11-18 15:43:48,2023-12-29 02:18:03,,,https://product.hstatic.net/200000438087/product/to-06_f92ec40d8d3245e9a1c5124a28dcff37_1a5935cb6a68448dadeeb9fbb4f5bc05_master.jpg,,,false,77
148,2023-11-18 15:43:48,2023-12-29 02:18:03,,,https://product.hstatic.net/200000438087/product/nap-nhua-2_c2bca63b17be4520a637bfc9b077a262_102193b41c1d4d339f7adcd40fffda68_master.jpg,,,false,77
149,2023-11-18 15:43:48,2023-12-29 02:18:03,,,https://product.hstatic.net/200000438087/product/to_kraft_2__2__49dd55adf20740d19040f92ca7b8b551_master.png,,,true,78
150,2023-11-18 15:43:48,2023-12-29 02:18:03,,,https://product.hstatic.net/200000438087/product/fest-daily-wide-bowl-1300-ml-01_60264d62ef5c42b893de3036b59648e4_master.jpg,,,false,78
151,2023-11-18 15:43:48,2023-12-29 02:18:03,,,https://product.hstatic.net/200000438087/product/fest-daily-wide-bowl-1000-ml-02_96c2ec66097d4f8bb4a60afbb892a0a0_master.jpg,,,false,78
152,2023-11-18 15:43:48,2023-12-29 02:18:03,,,https://product.hstatic.net/200000438087/product/logo_eco_a10-14_afa4d4c0526440adbc1c752f37f7e361_8490069456be4f86a653884c5acb7b2d_master.jpg,,,false,78
153,2023-11-18 15:43:48,2023-12-29 02:18:03,,,https://product.hstatic.net/200000438087/product/logo_eco_a10-15_2be07f3f815e4110a2505e3f64a38274_b8e109d0af8944e7bbfda45b429e0fe7_master.jpg,,,false,78
154,2023-11-18 15:43:48,2023-12-29 02:18:03,,,https://product.hstatic.net/200000438087/product/to-05_58a3a8df64724f8fbd6042ae75845d86_634a18d90b41439e9784c0441d527cf5_master.jpg,,,false,78
155,2023-11-18 15:43:48,2023-12-29 02:18:03,,,https://product.hstatic.net/200000438087/product/to_kraft_3__1__d7c34bd0784d44cd814ad634dc22f326_master.png,,,true,79
156,2023-11-18 15:43:48,2023-12-29 02:18:03,,,https://product.hstatic.net/200000438087/product/fest-daily-wide-bowl-1300-ml-01_30cadcec423942bb8ab7b3414c9f6fb5_master.jpg,,,false,79
157,2023-11-18 15:43:48,2023-12-29 02:18:03,,,https://product.hstatic.net/200000438087/product/to-05_58a3a8df64724f8fbd6042ae75845d86_86860d176a224ebc91d26e6c6f7f7be3_master.jpg,,,false,79
158,2023-11-18 15:43:48,2023-12-29 02:18:03,,,https://product.hstatic.net/200000438087/product/nap-nhua-2_c2bca63b17be4520a637bfc9b077a262_4d49ede9fb9948599bbcb536b800c03b_master.jpg,,,false,79
159,2023-11-18 15:43:48,2023-12-29 02:18:03,,,https://product.hstatic.net/200000438087/product/to_kraft__1__f11028db77324a9782594e0d3dca35f8_master.png,,,true,80
160,2023-11-18 15:43:48,2023-12-29 02:18:03,,,https://product.hstatic.net/200000438087/product/to_kraft_b1701a1cba8245e9a6a01ed9e42bdfb1_master.png,,,true,81
161,2023-11-18 15:43:48,2023-12-29 02:18:03,,,https://product.hstatic.net/200000438087/product/to_5oz_071c13f060fb435d9201d4bee2236a70_master.png,,,true,82
162,2023-11-18 15:43:48,2023-12-29 02:18:03,,,https://product.hstatic.net/200000438087/product/to_7oz_490e94f4ab724b1181aecf5adad9a705_master.png,,,true,83
163,2023-11-18 15:43:48,2023-12-29 02:18:03,,,https://product.hstatic.net/200000438087/product/to_8.5oz_f2a0c53b81e64a218086ee1d069c5c90_master.png,,,true,84
164,2023-11-18 15:43:48,2023-12-29 02:18:03,,,https://product.hstatic.net/200000438087/product/to-c_d495274091734406ab14acfe40591dbf_a61cbfa671ed4305be02fb33698adcb7_master.jpg,,,false,84
165,2023-11-18 15:43:48,2023-12-29 02:18:03,,,https://product.hstatic.net/200000438087/product/logo_eco_a8-09_003e6fe5a08e46538f64025f3534861d_72c4229ceb2a4c78a0c191d44421075c_master.jpg,,,false,84
166,2023-11-18 15:43:48,2023-12-29 02:18:03,,,https://product.hstatic.net/200000438087/product/to_8.5oz_198cfef77f1a4db293a7db15b7de6cc8_master.png,,,true,85
167,2023-11-18 15:43:48,2023-12-29 02:18:03,,,https://product.hstatic.net/200000438087/product/to-c_d495274091734406ab14acfe40591dbf_c167c69195404ddf95f8b27e9105303c_master.jpg,,,false,85
168,2023-11-18 15:43:48,2023-12-29 02:18:03,,,https://product.hstatic.net/200000438087/product/logo_eco_a8-09_003e6fe5a08e46538f64025f3534861d_f0560ba15fb240b68f6e0b19eda85b0e_master.jpg,,,false,85
169,2023-11-18 15:43:48,2023-12-29 02:18:03,,,https://product.hstatic.net/200000438087/product/logo_eco_a8-08_9d016533408b49e4a59574e4a6f0fcdf_9652eee58cbe440e9a16c6d41162921f_master.jpg,,,false,85
170,2023-11-18 15:43:48,2023-12-29 02:18:03,,,https://product.hstatic.net/200000438087/product/to_giay_1__1__3b52d9afe8af4a1099cadbfc7c1371f8_master.png,,,true,86
171,2023-11-18 15:43:48,2023-12-29 02:18:03,,,https://product.hstatic.net/200000438087/product/n1_6fdbc798073b4ef788293d051580a77b_master.png,,,false,86
172,2023-11-18 15:43:48,2023-12-29 02:18:03,,,https://product.hstatic.net/200000438087/product/n3_1b9ce56d1ad04812bd9fc1c9b1447df9_master.png,,,false,86
173,2023-11-18 15:43:48,2023-12-29 02:18:03,,,https://product.hstatic.net/200000438087/product/to_12.5oz_eeaef5d113bb4643a4053d02d9293c37_master.png,,,true,87
174,2023-11-18 15:43:48,2023-12-29 02:18:03,,,https://product.hstatic.net/200000438087/product/to-02_9c90280defee4be6976b74a3ac5e54b6_4705fb2c58d5485bac11aa0a2567b603_master.jpg,,,false,87
175,2023-11-18 15:43:48,2023-12-29 02:18:03,,,https://product.hstatic.net/200000438087/product/logo_eco_a8-04_4c1f78d5c3b7454498e295bc71a8380b_80ba2ae12f9b4052bde4e4cdce806a41_master.jpg,,,false,87
176,2023-11-18 15:43:48,2023-12-29 02:18:03,,,https://product.hstatic.net/200000438087/product/logo_eco_a8-03_c1f8581c5e1f4501bba04bfee02e43ca_b630861469ca403d96b11cf8d3bf01c5_master.jpg,,,false,87
177,2023-11-18 15:43:48,2023-12-29 02:18:03,,,https://product.hstatic.net/200000438087/product/to_500ml_af2c038de0464368b5442a2d44e20fcf_master.png,,,true,88
178,2023-11-18 15:43:48,2023-12-29 02:18:03,,,https://product.hstatic.net/200000438087/product/to-03_994f7d64c4004b48a6d5a4a6a7769ea6_master.jpg,,,false,88
179,2023-11-18 15:43:48,2023-12-29 02:18:03,,,https://product.hstatic.net/200000438087/product/logo_eco_a8-02_7fde0e7e88c146789438a14dc021f320_a28ba2edceef4f028c3efbba942176a6_master.jpg,,,false,88
180,2023-11-18 15:43:48,2023-12-29 02:18:03,,,https://product.hstatic.net/200000438087/product/logo_eco_a8-01_152e25397d8147f5b068f84a885fdff6_01bb7336f64f47d58946c8ef60d78707_master.jpg,,,false,88
181,2023-11-18 15:43:48,2023-12-29 02:18:03,,,https://product.hstatic.net/200000438087/product/to_giay_2__1__2f16c9d2f14c40a6b786adaec9ccff61_master.png,,,true,89
182,2023-11-18 15:43:48,2023-12-29 02:18:03,,,https://product.hstatic.net/200000438087/product/n1_de5a4eb21fab4265b0d628ed6d44b05e_master.png,,,false,89
183,2023-11-18 15:43:48,2023-12-29 02:18:03,,,https://product.hstatic.net/200000438087/product/n3_c26d1c25ebea4aa3a76dec1e43374fa9_master.png,,,false,89
184,2023-11-18 15:43:48,2023-12-29 02:18:03,,,https://product.hstatic.net/200000438087/product/to_720ml_ba4ac9a78940432d96e9a48d0817d262_master.png,,,true,90
185,2023-11-18 15:43:48,2023-12-29 02:18:03,,,https://product.hstatic.net/200000438087/product/to_1000ml_4e1ef35cab7342c8af5637cc53287884_master.png,,,true,91
186,2023-11-18 15:43:48,2023-12-29 02:18:03,,,https://product.hstatic.net/200000438087/product/to-04_a350b387cc6647b8a208c363f90a28be_2f468c8f90fb4ec58367a7c636322d93_master.jpg,,,false,91
187,2023-11-18 15:43:48,2023-12-29 02:18:03,,,https://product.hstatic.net/200000438087/product/fest-choice-bowl-850-ml_01_4fb4f436ef19449f90f27b80790e24a5_master.jpg,,,false,91
188,2023-11-18 15:43:48,2023-12-29 02:18:03,,,https://product.hstatic.net/200000438087/product/logo_eco_a9-14_d8377b2892b84db185e1a8025dc15710_e19f050bda3c46479332690bb1e8a048_master.jpg,,,false,91
189,2023-11-18 15:43:48,2023-12-29 02:18:03,,,https://product.hstatic.net/200000438087/product/to_giay_3__1__c8ae5aa82d93424e8624b422a6d31327_master.png,,,true,92
190,2023-11-18 15:43:48,2023-12-29 02:18:03,,,https://product.hstatic.net/200000438087/product/n1_5e40f10ae3f943f2ba751d8095f7dc62_master.png,,,false,92
191,2023-11-18 15:43:48,2023-12-29 02:18:03,,,https://product.hstatic.net/200000438087/product/n3_6364c57d05bf4f95bdf761c2849504a0_master.png,,,false,92
192,2023-11-18 15:43:48,2023-12-29 02:18:03,,,https://product.hstatic.net/200000438087/product/khay_trang_1_ngan_0612eec30df54055b44f231b3062d417_master.png,,,true,93
193,2023-11-18 15:43:48,2023-12-29 02:18:03,,,https://product.hstatic.net/200000438087/product/khay_trang_2_ngan_7a49e5d2105047d6b7db62c91b703da1_master.png,,,true,94
194,2023-11-18 15:43:48,2023-12-29 02:18:03,,,https://product.hstatic.net/200000438087/product/3_34ae88b0f7ab4c589855ea7596b5a0e4_52507fad88e84ad1b93eee7196b1b502_master.jpg,,,true,95
195,2023-11-18 15:43:48,2023-12-29 02:18:03,,,https://product.hstatic.net/200000438087/product/4_821b1345ac464e2cae1707ee43e19d98_5a8e41a297184c32a486caaa97cf514f_master.jpg,,,true,96
196,2023-11-18 15:43:48,2023-12-29 02:18:03,,,https://product.hstatic.net/200000438087/product/3_34ae88b0f7ab4c589855ea7596b5a0e4_52507fad88e84ad1b93eee7196b1b502_6fbd7d7796c6463fb6796ef31eca97c8_master.jpg,,,true,97
197,2023-11-18 15:43:48,2023-12-29 02:18:03,,,https://product.hstatic.net/200000438087/product/4_821b1345ac464e2cae1707ee43e19d98_d0c12197ce2e4b2a8a075b8710a4b1da_master.jpg,,,true,98
198,2023-11-18 15:43:48,2023-12-29 02:18:03,,,https://product.hstatic.net/200000438087/product/3_34ae88b0f7ab4c589855ea7596b5a0e4_52507fad88e84ad1b93eee7196b1b502_b12bb63265524f22a6e4685fb7d40918_master.jpg,,,true,99
199,2023-11-18 15:43:48,2023-12-29 02:18:03,,,https://product.hstatic.net/200000438087/product/4_821b1345ac464e2cae1707ee43e19d98_5e227a7b81334220916a96a4be3d1222_master.jpg,,,true,100
200,2023-11-18 15:43:48,2023-12-29 02:18:03,,,https://product.hstatic.net/200000438087/product/6_f3cc1f2e59cf487faec3d7c07c4e1d79_3ca2dafa633e489e94cf03fff0852f55_master.jpg,,,true,101
201,2023-11-18 15:43:48,2023-12-29 02:18:03,,,https://product.hstatic.net/200000438087/product/6_f3cc1f2e59cf487faec3d7c07c4e1d79_52ed3802a2a44e6db83daddf106a67fa_master.jpg,,,true,102
202,2023-11-18 15:43:48,2023-12-29 02:18:03,,,https://product.hstatic.net/200000438087/product/9_175c9a54af4841a597bf48898b1151b2_73cf1595373641df8b428e5c6f3035ab_master.jpg,,,true,103
203,2023-11-18 15:43:48,2023-12-29 02:18:03,,,https://product.hstatic.net/200000438087/product/8_affe255187f74e5c8d42c1faad8d449f_e5a06f7d417d41ab96723099ec6fab5e_master.jpg,,,true,104
204,2023-11-18 15:43:48,2023-12-29 02:18:03,,,https://product.hstatic.net/200000438087/product/10_9c4af9f57fe342c48df2dfdcce70eb58_0cc1f82f014941fa863d524059cfa47f_master.jpg,,,true,105
205,2023-11-18 15:43:48,2023-12-29 02:18:03,,,https://product.hstatic.net/200000438087/product/7_20bf390481fb47ecbd8bcacae4a13392_c7da5d4fb44841248dbbdb87f2160631_master.jpg,,,true,106
206,2023-11-18 15:43:48,2023-12-29 02:18:03,,,https://product.hstatic.net/200000438087/product/14_5a454e4bb5d340f4b2371d9f5bc79d81_9f458dbc35994c4689dd27d81f2d78a0_master.jpg,,,true,107
207,2023-11-18 15:43:48,2023-12-29 02:18:03,,,https://product.hstatic.net/200000438087/product/15_2cbbbae49e4b455b90684ff25b51ccb8_825f7b08e6034e8a96920010eebf91da_master.jpg,,,true,108
208,2023-11-18 15:43:48,2023-12-29 02:18:03,,,https://product.hstatic.net/200000438087/product/11_3286dcce70b840d781c55ab8618b52bb_03e6972dced74e2abab035bec98baaf9_master.jpg,,,true,109
209,2023-11-18 15:43:48,2023-12-29 02:18:03,,,https://product.hstatic.net/200000438087/product/12_5361a6cabce941b594d9597c4257e40f_33c4ae582be841c9b4e6e2a84d22e894_master.jpg,,,true,110
210,2023-11-18 15:43:48,2023-12-29 02:18:03,,,https://product.hstatic.net/200000438087/product/5_314b8de2b70f44fe9a321afbdfe95e44_8f674df0336a4f0fba02c2a514ebd639_master.jpg,,,true,111
211,2023-11-18 15:43:48,2023-12-29 02:18:03,,,https://product.hstatic.net/200000438087/product/hinh_web_bo_sung-12_6814600de99d4e5b90776ccec7c7fcc6_master.png,,,true,112
212,2023-11-18 15:43:48,2023-12-29 02:18:03,,,https://product.hstatic.net/200000438087/product/logo_eco_a17-03_ccf53e4c00264af68d8a198d746f1c05_6fc2f1d126a54c2489807726bb8f127c_master.jpg,,,true,113
213,2023-11-18 15:43:48,2023-12-29 02:18:03,,,https://product.hstatic.net/200000438087/product/logo_eco_a17-03_ccf53e4c00264af68d8a198d746f1c05_2ba72e3c39c2464cb6ca5bd20064dcd1_master.jpg,,,true,114
214,2023-11-18 15:43:48,2023-12-29 02:18:03,,,https://product.hstatic.net/200000438087/product/du_an_moi2_75064e22e6e341558741d678bdb825ef_master.png,,,true,115
215,2023-11-18 15:43:48,2023-12-29 02:18:03,,,https://product.hstatic.net/200000438087/product/95_4e46fb909e7f4765a1bf08061577993d_83dd9b4e1d22428ca3227060484d0fd7_master.jpg,,,false,115
216,2023-11-18 15:43:48,2023-12-29 02:18:03,,,https://product.hstatic.net/200000438087/product/fest-choice-food-tray-3x3-inches-01_b4f9ec7c2b5546f7bc2dedcce59f02c8_master.jpg,,,false,115
217,2023-11-18 15:43:48,2023-12-29 02:18:03,,,https://product.hstatic.net/200000438087/product/choice-12_bca5c9d6e70444cc90973277e5e29596_b883117e0dce4f07a56b3956c0de03bb_master.jpg,,,false,115
218,2023-11-18 15:43:48,2023-12-29 02:18:03,,,https://product.hstatic.net/200000438087/product/logo_eco_a6-12_d2170fe61b254336842e506d26172b32_9eb89662211d45b8ad2638e6f9d32b19_master.jpg,,,false,115
219,2023-11-18 15:43:48,2023-12-29 02:18:03,,,https://product.hstatic.net/200000438087/product/khay_1_5b7d620036a243dda0f09facce06ff7e_master.png,,,true,116
220,2023-11-18 15:43:48,2023-12-29 02:18:03,,,https://product.hstatic.net/200000438087/product/fest-choice-food-tray-5x8-inches-01_712b6b2302144af1a42b031c28e1efa7_master.jpg,,,false,116
221,2023-11-18 15:43:48,2023-12-29 02:18:03,,,https://product.hstatic.net/200000438087/product/choice-10_be719c224926478eb0de2af8a1e09880_cd83bc0f37fd44889bca49b1022a5714_master.jpg,,,false,116
222,2023-11-18 15:43:48,2023-12-29 02:18:03,,,https://product.hstatic.net/200000438087/product/logo_eco_a6-14_7cd130b9055e4a6a8b96349729053ac4_6fb287090d8041128c001e211d9a09aa_master.jpg,,,false,116
223,2023-11-18 15:43:48,2023-12-29 02:18:03,,,https://product.hstatic.net/200000438087/product/logo_eco_a6-15_c71411fa644f45e99675b39870513ebe_73ff424c528241c897d813f9fd152c2b_master.jpg,,,false,116
224,2023-11-18 15:43:48,2023-12-29 02:18:03,,,https://product.hstatic.net/200000438087/product/khay_b2c3d5f96ea84df5bddcd3ffc5f4eb5f_master.png,,,true,117
225,2023-11-18 15:43:48,2023-12-29 02:18:03,,,https://product.hstatic.net/200000438087/product/fest-choice-food-tray-3x6-inches-01_dead6470411d442caf02d2a345e097ef_master.jpg,,,false,117
226,2023-11-18 15:43:48,2023-12-29 02:18:03,,,https://product.hstatic.net/200000438087/product/logo_eco_a5-03_240eff9f5cf04a7a8b4cc5058baf78d7_6f3aa43bfc4a4d35bf5c65856b07d614_master.jpg,,,false,117
227,2023-11-18 15:43:48,2023-12-29 02:18:03,,,https://product.hstatic.net/200000438087/product/choice-13_e29399e06abb4338996b8b0e9921ff46_45fb28136eb740d397c3f2c725c0335d_master.jpg,,,false,117
228,2023-11-18 15:43:48,2023-12-29 02:18:03,,,https://product.hstatic.net/200000438087/product/dia_goc_tren_c268119685d54064a5b992f716f2c9fa_master.png,,,true,118
229,2023-11-18 15:43:48,2023-12-29 02:18:03,,,https://product.hstatic.net/200000438087/product/fest-choice-food-tray-8x8-inches-01_cdb960f74a7441f18829da19b768e7ea_master.jpg,,,false,118
230,2023-11-18 15:43:48,2023-12-29 02:18:03,,,https://product.hstatic.net/200000438087/product/dia_goc_nghieng_a893525e868c4987aa8e8e313856178f_master.png,,,false,118
231,2023-11-18 15:43:48,2023-12-29 02:18:03,,,https://product.hstatic.net/200000438087/product/dia_952874a7fe9841789bf25d1dd97d7a5f_master.png,,,false,118
232,2023-11-18 15:43:48,2023-12-29 02:18:03,,,https://product.hstatic.net/200000438087/product/c-198x198x26-mm_d0891a21c29d4a7e891f8df91a50739c_f1cfd6e97666426f81bb32937d7a8359_master.jpg,,,false,118
233,2023-11-18 15:43:48,2023-12-29 02:18:03,,,https://product.hstatic.net/200000438087/product/choice-11_ba9b810b3d154ebb89bf1ecf58622358_fa0a5a5589824ed2aa7850bcd8cf950b_master.jpg,,,false,118
234,2023-11-18 15:43:48,2023-12-29 02:18:03,,,https://product.hstatic.net/200000438087/product/du_an_moi11_46dd332ce0854c16bf88d552a87ef7b7_master.png,,,false,118
235,2023-11-18 15:43:48,2023-12-29 02:18:03,,,https://product.hstatic.net/200000438087/product/khay_12_377cffec6c60433b8833515622e086df_master.png,,,true,119
236,2023-11-18 15:43:48,2023-12-29 02:18:03,,,https://product.hstatic.net/200000438087/product/fest-daily-food-tray-5x8-inches-03_e721ee57680a4cc88b3f8e7db80d3e0e_master.jpg,,,false,119
237,2023-11-18 15:43:48,2023-12-29 02:18:03,,,https://product.hstatic.net/200000438087/product/20231025_152226_e1811081f9bc4c0083178f58fe42520b_master.png,,,true,120
238,2023-11-18 15:43:48,2023-12-29 02:18:03,,,https://product.hstatic.net/200000438087/product/14_91619ff965af469e9f5f95e38fff9d27_master.png,,,true,121
239,2023-11-18 15:43:48,2023-12-29 02:18:03,,,https://product.hstatic.net/200000438087/product/logo_eco_a11-06_bbd1506d10b74bef99fc7a1c8386ad85_24366c875ed84793a65c31834f0eab69_master.jpg,,,false,121
240,2023-11-18 15:43:48,2023-12-29 02:18:03,,,https://product.hstatic.net/200000438087/product/logo_eco_a11-07_86fd8066cf76403d96cc58ed2f388b3b_fb9b858a412e40e99a5894d4ed202457_master.jpg,,,false,121
241,2023-11-18 15:43:48,2023-12-29 02:18:03,,,https://product.hstatic.net/200000438087/product/pb0051_27c23b3b7ce24910aac31da4dd977c53_master.png,,,true,122
242,2023-11-18 15:43:48,2023-12-29 02:18:03,,,https://product.hstatic.net/200000438087/product/pb0052_0dbdf777526a477ba108fe60b352ab64_master.png,,,false,122
243,2023-11-18 15:43:48,2023-12-29 02:18:03,,,https://product.hstatic.net/200000438087/product/pb0053_0729406e1157415d981d2f2d4a8a9925_master.png,,,false,122
244,2023-11-18 15:43:48,2023-12-29 02:18:03,,,https://product.hstatic.net/200000438087/product/b001__1__e9bf58260cc448c78b287174c3665447_master.png,,,true,123
245,2023-11-18 15:43:48,2023-12-29 02:18:03,,,https://product.hstatic.net/200000438087/product/fest_choice_takeaway_box_725-500x500_d67f28fbae4c482f9041e3cd5d41e82e_3ca48faedc3148be99c289705285d8c1_master.jpg,,,false,123
246,2023-11-18 15:43:48,2023-12-29 02:18:03,,,https://product.hstatic.net/200000438087/product/logo_eco_a5-14_99df1a76a64c4eb393143fead1a1ff81_24c00446eb3c488f9e21d3258949bf7b_master.jpg,,,false,123
247,2023-11-18 15:43:48,2023-12-29 02:18:03,,,https://product.hstatic.net/200000438087/product/logo_eco_a5-11_3ee0ebf5e0e045419ee062640b17f673_994b40801acc48dd8a0d7e1c1f643d3f_master.jpg,,,false,123
248,2023-11-18 15:43:48,2023-12-29 02:18:03,,,https://product.hstatic.net/200000438087/product/logo_eco_a5-12_f16481f91b4646c8bdb70f4f3f6ecfb4_c416af43a3024b8c9ecf185dc22f6c5c_master.jpg,,,false,123
249,2023-11-18 15:43:48,2023-12-29 02:18:03,,,https://product.hstatic.net/200000438087/product/choice-06_6985f30a31854d67be09f1fd9ea3c50d_f7cbc09855ed46f7840e076536aa0a97_master.jpg,,,false,123
250,2023-11-18 15:43:48,2023-12-29 02:18:03,,,https://product.hstatic.net/200000438087/product/b001__1__1af5efbec7cf4abfa1c2c0053c80ec22_master.png,,,true,124
251,2023-11-18 15:43:48,2023-12-29 02:18:03,,,https://product.hstatic.net/200000438087/product/fest-choice-takeway-box-725ml-01_7ad433a4886d42d5af52708839030cc5_master.jpg,,,false,124
252,2023-11-18 15:43:48,2023-12-29 02:18:03,,,https://product.hstatic.net/200000438087/product/logo_eco_a4-02_d6eb930f1b6642b0ac933e6c85de90db_ed076f1076174a898229cfeed0f9fa85_master.jpg,,,false,124
253,2023-11-18 15:43:48,2023-12-29 02:18:03,,,https://product.hstatic.net/200000438087/product/logo_eco_a5-10_2417dc62e81a4f63bb4c5b05eb130a5d_a06638d999254a7ebc535eac60615f8b_master.jpg,,,false,124
254,2023-11-18 15:43:48,2023-12-29 02:18:03,,,https://product.hstatic.net/200000438087/product/choice-05_f93c5a11856240c8a9ca90ca8522364b_875aeabb4ebc4c07b25d135fbf06cc3b_master.jpg,,,false,124
255,2023-11-18 15:43:48,2023-12-29 02:18:03,,,https://product.hstatic.net/200000438087/product/pb026_56c424fc323347e49b231212c9a8eee7_master.png,,,true,125
256,2023-11-18 15:43:48,2023-12-29 02:18:03,,,https://product.hstatic.net/200000438087/product/fest-choice-takeaway-box-1300-ml-01_0d8b4e2ca0044a84b812c8c09abf287d_d2b37c46ee9d48dbb6a75367cfea8310_master.jpg,,,false,125
257,2023-11-18 15:43:48,2023-12-29 02:18:03,,,https://product.hstatic.net/200000438087/product/choice-07_4ef4cd7981d040208b99f2a778d2aa50_a899ced426514a6a8fec3b6aacabd3b9_master.jpg,,,false,125
258,2023-11-18 15:43:48,2023-12-29 02:18:03,,,https://product.hstatic.net/200000438087/product/logo_eco_a5-08_8e75c22060a34d7ab6e9c39d88781e08_fab73fe995a742bd8138bb25afbeab6a_master.jpg,,,false,125
259,2023-11-18 15:43:48,2023-12-29 02:18:03,,,https://product.hstatic.net/200000438087/product/logo_eco_a5-09_169af17ccd70444ebc526ba06f8412f0_9b63d77ce6514360904f7ad6e390ab45_master.jpg,,,false,125
260,2023-11-18 15:43:48,2023-12-29 02:18:03,,,https://product.hstatic.net/200000438087/product/untitled-4-02_92b0695517624ee5bedeef32036d6e5f_master.png,,,true,126
261,2023-11-18 15:43:48,2023-12-29 02:18:03,,,https://product.hstatic.net/200000438087/product/fest-choice-takeaway-box-2000-ml-01_535c1a26254f44b998489c91540b62cb_3ab565bf1ba34d9dbc86eaa984744ae2_master.jpg,,,false,126
262,2023-11-18 15:43:48,2023-12-29 02:18:03,,,https://product.hstatic.net/200000438087/product/logo_eco_a2-05_59c0f7fb2a23474c9a6a22874ab1e8eb_037d46d04ac94efe93b442668fda0561_master.jpg,,,false,126
263,2023-11-18 15:43:48,2023-12-29 02:18:03,,,https://product.hstatic.net/200000438087/product/logo_eco_a2-04_ff84d894ce8d4c5998870d4ef1fb5a50_a14f340c66b34d7d8968ef015781771c_master.jpg,,,false,126
264,2023-11-18 15:43:48,2023-12-29 02:18:03,,,https://product.hstatic.net/200000438087/product/choice-08_762300bdd71d403cba99015643d040de_8d1a4e1af1134fb1aee1165e63f88d16_master.jpg,,,false,126
265,2023-11-18 15:43:48,2023-12-29 02:18:03,,,https://product.hstatic.net/200000438087/product/hb001_86f18ecf285c485ea2b2fb67c76242c1_large_08999bcc0df0493a9dcffb65311907f9_master.png,,,true,127
266,2023-11-18 15:43:48,2023-12-29 02:18:03,,,https://product.hstatic.net/200000438087/product/fest-chocie-takeaway-box-with-lid-650-ml-01_525f4a6fd370408098102c73571bcc90_master.jpg,,,false,127
267,2023-11-18 15:43:48,2023-12-29 02:18:03,,,https://product.hstatic.net/200000438087/product/logo_eco_a6-10_56d8cdec69a246309ae789a554aa72ec_fe8f34ee45c34759930411c91fe9c9e5_master.jpg,,,false,127
268,2023-11-18 15:43:48,2023-12-29 02:18:03,,,https://product.hstatic.net/200000438087/product/logo_eco_a6-07_d3da73860c0e4bdd875b2b957dbdc0b0_adfd11627c014d22babbab37b951ff20_master.jpg,,,false,127
269,2023-11-18 15:43:48,2023-12-29 02:18:03,,,https://product.hstatic.net/200000438087/product/choice-02_7b31557c756f49c8b3eb55e7fc29adf5_128c351582d04d21a795511a18efdb7e_master.jpg,,,false,127
270,2023-11-18 15:43:48,2023-12-29 02:18:03,,,https://product.hstatic.net/200000438087/product/b001_b8adb88a49224adab7277db441eb1bef_master.png,,,true,128
271,2023-11-18 15:43:48,2023-12-29 02:18:03,,,https://product.hstatic.net/200000438087/product/fest_bio_450-500x500_03f6e1429e7f4041b70f0d8324a96a52_2f2a403adb584f6aa423ebef96addbdc_master.jpg,,,false,128
272,2023-11-18 15:43:48,2023-12-29 02:18:03,,,https://product.hstatic.net/200000438087/product/logo_eco_2-10_46b70a41f9ba4f99b97f7f43b4d44960_b5865ee6a1ff4db8a3086386d949d97e_master.jpg,,,false,128
273,2023-11-18 15:43:48,2023-12-29 02:18:03,,,https://product.hstatic.net/200000438087/product/logo_eco_a2-14_55a3c8b4a5d54a14b88a287b9ef71526_ffd77157f8ce4715a4639868172edef8_master.jpg,,,false,128
274,2023-11-18 15:43:48,2023-12-29 02:18:03,,,https://product.hstatic.net/200000438087/product/logo_eco_a2-11_2f0f11b401af4e09810afbe6d45122a8_372d616334fe47e9bfb60fb73e41c7f3_master.jpg,,,false,128
275,2023-11-18 15:43:48,2023-12-29 02:18:03,,,https://product.hstatic.net/200000438087/product/bio-05_cc0b235dbfa54d89ab9c53ed9b2f8106_af246b96857e472a96c9212d2a9bc1f3_master.jpg,,,false,128
276,2023-11-18 15:43:48,2023-12-29 02:18:03,,,https://product.hstatic.net/200000438087/product/b001_90a35ba9ded647f1be50706bebc0bed9_master.png,,,true,129
277,2023-11-18 15:43:48,2023-12-29 02:18:03,,,https://product.hstatic.net/200000438087/product/fest_bio_600-500x500_a63641a254b44a5c8ee1cd9fe787cbf0_9f33b0602b72422a908045739e9950c9_master.jpg,,,false,129
278,2023-11-18 15:43:48,2023-12-29 02:18:03,,,https://product.hstatic.net/200000438087/product/logo_eco_a2-14_719bc2878af54021ade5506af79e662e_d42e375c3b3e49378c56ebd751dc934d_master.jpg,,,false,129
279,2023-11-18 15:43:48,2023-12-29 02:18:03,,,https://product.hstatic.net/200000438087/product/logo_eco_2-08_633529c75f37437b8f6a79052d7d8da4_86b8502ed077447faf2adfe379bf3287_master.jpg,,,false,129
280,2023-11-18 15:43:48,2023-12-29 02:18:03,,,https://product.hstatic.net/200000438087/product/bio-13_3672b9deb36f43d08055e57c1d105400_56bb1aab5ad44a5eb9945d834553c7da_master.jpg,,,false,129
281,2023-11-18 15:43:48,2023-12-29 02:18:03,,,https://product.hstatic.net/200000438087/product/b002_753712796f20448eb4819b904f596fb4_master.png,,,true,130
282,2023-11-18 15:43:48,2023-12-29 02:18:03,,,https://product.hstatic.net/200000438087/product/fest_bio_950_ml_2_comp-500x500_424cf78aa6dd49fa84a95da01ea077bc_b7ae90bb01a5436ca01f59f9c474c4c9_master.jpg,,,false,130
283,2023-11-18 15:43:48,2023-12-29 02:18:03,,,https://product.hstatic.net/200000438087/product/logo_eco_a2-10_471a7e6a6e2a450eb1a4d2108425c8c8_ccce3615f947480b9ab8bdb807b71e61_master.jpg,,,false,130
284,2023-11-18 15:43:48,2023-12-29 02:18:03,,,https://product.hstatic.net/200000438087/product/logo_eco_a2-09_17196b685def41bcbfad48104c9804c1_a81f7c4a53914220aa0157efe95bb275_master.jpg,,,false,130
285,2023-11-18 15:43:48,2023-12-29 02:18:03,,,https://product.hstatic.net/200000438087/product/bio-06_753c7bf25e064b08b71491ccc914cacf_b338fb478dbf4397806325e7c16e6f55_master.jpg,,,false,130
286,2023-11-18 15:43:48,2023-12-29 02:18:03,,,https://product.hstatic.net/200000438087/product/22-18_6a0b9745372c44b898da095e1d7f747e_master.png,,,true,131
287,2023-11-18 15:43:48,2023-12-29 02:18:03,,,https://product.hstatic.net/200000438087/product/19_2dae41f960aa4fbdab6dda74d477d934_9424d15510be4c3ea0586561c71781f6_master.jpg,,,false,131
288,2023-11-18 15:43:48,2023-12-29 02:18:03,,,https://product.hstatic.net/200000438087/product/fest_bio_1000-500x500_df96b63e88aa439a84c2a02fb2a4bd55_8f07c2a12b2c4613985e64f2a8054471_master.jpg,,,false,131
289,2023-11-18 15:43:48,2023-12-29 02:18:03,,,https://product.hstatic.net/200000438087/product/bio-04_10b6bb38c874445c81f1c1a8a8e87d49_a56aee2196a84965975634f1ba5d6bb1_master.jpg,,,false,131
290,2023-11-18 15:43:48,2023-12-29 02:18:03,,,https://product.hstatic.net/200000438087/product/logo_eco_2-03_96230ad7ee2841e7bdd7b6c6adf3ba87_1604bd6a4b3d4950b16173a301ee7230_master.jpg,,,false,131
291,2023-11-18 15:43:48,2023-12-29 02:18:03,,,https://product.hstatic.net/200000438087/product/hm001_d1d686cafc9a43878f9b518679b33bca_master.png,,,true,132
292,2023-11-18 15:43:48,2023-12-29 02:18:03,,,https://product.hstatic.net/200000438087/product/fest-bio-takeaway-box-with-lid-600-ml-02_3a21fef5ab964afc8974a69575a2125b_master.jpg,,,false,132
293,2023-11-18 15:43:48,2023-12-29 02:18:03,,,https://product.hstatic.net/200000438087/product/logo_eco_a1-07_3352cd33b03f43f995141ba3e323ecda_aef007e7b14e4a26946daa3f039a27d8_master.jpg,,,false,132
294,2023-11-18 15:43:48,2023-12-29 02:18:03,,,https://product.hstatic.net/200000438087/product/logo_eco_a1-09_413fb7c614684a74bd08a5ba33b59cc0_903fb3d94d7b47af909f01745d86a71c_master.jpg,,,false,132
295,2023-11-18 15:43:48,2023-12-29 02:18:03,,,https://product.hstatic.net/200000438087/product/21_c3c3dfeb70734d749088c5c1d0209b58_46df7cd226554d779e306edf36e5fd49_master.jpg,,,false,132
296,2023-11-18 15:43:48,2023-12-29 02:18:03,,,https://product.hstatic.net/200000438087/product/bio-03_4a69aee972974948b9887a011bd704e2_bfa3368a35794f71a8a675375e859c8d_master.jpg,,,false,132
297,2023-11-18 15:43:48,2023-12-29 02:18:03,,,https://product.hstatic.net/200000438087/product/hm002_4f7545ff50244e9abb442234a647d438_master.png,,,true,133
298,2023-11-18 15:43:48,2023-12-29 02:18:03,,,https://product.hstatic.net/200000438087/product/fest-bio-2-compartments-takeaway-bo-with-lid-600-ml-02_619c4f9c4fdf4b259161b0b74d9c3ff9_master.jpg,,,false,133
299,2023-11-18 15:43:48,2023-12-29 02:18:03,,,https://product.hstatic.net/200000438087/product/logo_eco_a1-05_15c0d3dcc63842f189361c100b3d9e74_17accc06f7234d8bbea48244db804380_master.jpg,,,false,133
300,2023-11-18 15:43:48,2023-12-29 02:18:03,,,https://product.hstatic.net/200000438087/product/logo_eco_a1-06_404f69ecdd694ca8b8be8bcffd5a1f98_c787dcc9eb554264b1045c798ae76155_master.jpg,,,false,133
301,2023-11-18 15:43:48,2023-12-29 02:18:03,,,https://product.hstatic.net/200000438087/product/bio-02_ed95c4bf8e0641ce954d2ee40399c6c0_1a32ca900b374c24ad76c5a8df4be52e_master.jpg,,,false,133
302,2023-11-18 15:43:48,2023-12-29 02:18:03,,,https://product.hstatic.net/200000438087/product/16_5351e13d6fe24a97a001e363a3f27a6f_6a75f4d6439141379b964d2917710214_master.jpg,,,false,133
303,2023-11-18 15:43:48,2023-12-29 02:18:03,,,https://product.hstatic.net/200000438087/product/hm003_72f26f63ac6a4a9983228935a13d533c_master.png,,,true,134
304,2023-11-18 15:43:48,2023-12-29 02:18:03,,,https://product.hstatic.net/200000438087/product/ents-takeaway-box-with-lid-1000-ml-02_5d74a564d7fa4be3acbedb7e4edb70d4_20d27541618d468386248c8109bb1360_master.jpg,,,false,134
305,2023-11-18 15:43:48,2023-12-29 02:18:03,,,https://product.hstatic.net/200000438087/product/logo_eco_a1-12_6800920b05fb44c59f2ac2064da22f5e_f543324a7676453ab9aae492d5509f2b_master.jpg,,,false,134
306,2023-11-18 15:43:48,2023-12-29 02:18:03,,,https://product.hstatic.net/200000438087/product/14_38b06284724e4d32bdd0b39cb4ae2aaa_748730961d2b4c3f8915858e974af0d8_master.jpg,,,false,134
307,2023-11-18 15:43:48,2023-12-29 02:18:03,,,https://product.hstatic.net/200000438087/product/8_5242fdf9146a4057887f015e440137fe_5b49328152f94a98bc7e92eea043f8d5_master.jpg,,,false,134
308,2023-11-18 15:43:48,2023-12-29 02:18:03,,,https://product.hstatic.net/200000438087/product/bio-01_867a0aaff37c4dc5b94260fc8d1f13ae_327245d920124f81afd4fbf4c37eb26f_master.jpg,,,false,134
309,2023-11-18 15:43:48,2023-12-29 02:18:03,,,https://product.hstatic.net/200000438087/product/hop_hamburger_nghieng_mo_10910_8030c807028f403b9973051352c0d524_master.png,,,true,135
310,2023-11-18 15:43:48,2023-12-29 02:18:03,,,https://product.hstatic.net/200000438087/product/hop_hamburger_nghieng_66b4f3553b5d484aafdde633d24eaa84_master.png,,,false,135
311,2023-11-18 15:43:48,2023-12-29 02:18:03,,,https://product.hstatic.net/200000438087/product/hopa-12x12x7_288fcca334e241f58ebd49645444c999_8149eac7bb87467387e601dc1be664a3_master.jpg,,,false,135
312,2023-11-18 15:43:48,2023-12-29 02:18:03,,,https://product.hstatic.net/200000438087/product/20231009_103652__1__89a2ae1f7dd845ca944ad8e8a1cbb28d_master.png,,,true,136
313,2023-11-18 15:43:48,2023-12-29 02:18:03,,,https://product.hstatic.net/200000438087/product/20231009_103652__1__fc2c9ff4c83f434cb27e926850f5a995_master.png,,,true,137
314,2023-11-18 15:43:48,2023-12-29 02:18:03,,,https://product.hstatic.net/200000438087/product/20231009_103920_0644512c9f844ecfa0ee5a57ea006c51_master.png,,,true,138
315,2023-11-18 15:43:48,2023-12-29 02:18:03,,,https://product.hstatic.net/200000438087/product/hinh_web_bo_sung-03-1_3a5ea11dd19542a6a703d8f95aef3ddf_master.png,,,true,139
316,2023-11-18 15:43:48,2023-12-29 02:18:03,,,https://product.hstatic.net/200000438087/product/1000035598_e93f8622dd71491fb0c2ed76ec9fe088_master.jpg,,,true,140
317,2023-11-18 15:43:48,2023-12-29 02:18:03,,,https://product.hstatic.net/200000438087/product/hinh_web_bo_sung-15__1__3c92bcdb842c440c8c221350c647e941_master.png,,,true,141
318,2023-11-18 15:43:48,2023-12-29 02:18:03,,,https://product.hstatic.net/200000438087/product/085b7050672dac5721a99af4e994fd88_1f769a199ed14264a5e8ba04434cdcde_master.jpg,,,false,141
319,2023-11-18 15:43:48,2023-12-29 02:18:03,,,https://product.hstatic.net/200000438087/product/hinh_web_bo_sung-15_eafe98cf7aa046bdb71adbc8ced05ace_master.png,,,true,142
320,2023-11-18 15:43:48,2023-12-29 02:18:03,,,https://product.hstatic.net/200000438087/product/188592ee6dc461f7cc1a06c8ada3012e_3a7249d2533b4793bd44f9248fdab0bd_master.jpg,,,true,143
321,2023-11-18 15:43:48,2023-12-29 02:18:03,,,https://product.hstatic.net/200000438087/product/hinh_web_bo_sung-07_14879b8e31804b32b837e1624d86c442_master.png,,,true,144
322,2023-11-18 15:43:48,2023-12-29 02:18:03,,,https://product.hstatic.net/200000438087/product/logo_eco_a8-10_5503b60b9b87430f84e53a8c9854801d_2beedb52d0444fbdaea25db9c066f692_master.jpg,,,false,144
323,2023-11-18 15:43:48,2023-12-29 02:18:03,,,https://product.hstatic.net/200000438087/product/dao_nhua_01d2c0b03e624011840f2fd8cefe1c72_master.png,,,true,145
324,2023-11-18 15:43:48,2023-12-29 02:18:03,,,https://product.hstatic.net/200000438087/product/muong_go__3__0b557e9dcd424b9b8fbd68d4283fe728_master.png,,,true,146
325,2023-11-18 15:43:48,2023-12-29 02:18:03,,,https://product.hstatic.net/200000438087/product/logo_eco_a8-06_5185e67aadbe4b6a95e5efc8fcb0b7d5_54352b2c13994d4ebe61f8465b0eae59_master.jpg,,,false,146
326,2023-11-18 15:43:48,2023-12-29 02:18:03,,,https://product.hstatic.net/200000438087/product/hinh_web_bo_sung-14_30aef9608e3f42599117b96e2f21aecc_master.png,,,true,147
327,2023-11-18 15:43:48,2023-12-29 02:18:03,,,https://product.hstatic.net/200000438087/product/logo_eco_a8-10_5503b60b9b87430f84e53a8c9854801d_25f46d9dd7f54298be006a94d4908a49_master.jpg,,,false,147
328,2023-11-18 15:43:48,2023-12-29 02:18:03,,,https://product.hstatic.net/200000438087/product/a61__1__e8912e9c20024ab79a8ba11a3e32b7c1_master.png,,,true,148
329,2023-11-18 15:43:48,2023-12-29 02:18:03,,,https://product.hstatic.net/200000438087/product/muong_a7e010ee99d04228b5f94173bbfa510a_master.png,,,true,149
330,2023-11-18 15:43:48,2023-12-29 02:18:03,,,https://product.hstatic.net/200000438087/product/du_an_moi_4a5cf85f8b4c497585755705969b927a_master.jpg,,,true,150
331,2023-11-18 15:43:48,2023-12-29 02:18:03,,,https://product.hstatic.net/200000438087/product/fest-bio-short-spoon-02_30b67b6f3c974db8b5c94e944073adb9_master.jpg,,,false,150
332,2023-11-18 15:43:48,2023-12-29 02:18:03,,,https://product.hstatic.net/200000438087/product/logo_eco_a8-15_0ff6e48658104550bafd13dd428234a1_eaaae0b0a846402c84b0cc78bdb193dc_master.jpg,,,false,150
333,2023-11-18 15:43:48,2023-12-29 02:18:03,,,https://product.hstatic.net/200000438087/product/logo_eco_a8-14_21c3f20dc87e449eaef49585b36807d2_ed9aa73ba24a470fb234afb7d6abbd78_master.jpg,,,false,150
334,2023-11-18 15:43:48,2023-12-29 02:18:03,,,https://product.hstatic.net/200000438087/product/1000038039_cbfb76afaae9445a8f7d025b7f05ecfe_master.jpg,,,false,150
335,2023-11-18 15:43:48,2023-12-29 02:18:03,,,https://product.hstatic.net/200000438087/product/1000038038_41b43e57e7fe47b29093a8619a2f7965_master.jpg,,,false,150
336,2023-11-18 15:43:48,2023-12-29 02:18:03,,,https://product.hstatic.net/200000438087/product/1000038037_e5d05cf0b2d04b60a80bc8487fc7eb56_master.jpg,,,false,150
337,2023-11-18 15:43:48,2023-12-29 02:18:03,,,https://product.hstatic.net/200000438087/product/muong_go__1___1__e1415acaed544582a14019341a1947be_master.png,,,true,151
338,2023-11-18 15:43:48,2023-12-29 02:18:03,,,https://product.hstatic.net/200000438087/product/hinh_web_bo_sung-16_4f20fb8dfe1e4e6b841abb97c3a75b11_master.png,,,true,152
339,2023-11-18 15:43:48,2023-12-29 02:18:03,,,https://product.hstatic.net/200000438087/product/logo_eco_a8-10_5503b60b9b87430f84e53a8c9854801d_6014cc8113e046bca900325321ad4d17_master.jpg,,,false,152
340,2023-11-18 15:43:48,2023-12-29 02:18:03,,,https://product.hstatic.net/200000438087/product/a9__1__f215f790a15f42b487ed5d99c4c67133_master.png,,,true,153
341,2023-11-18 15:43:48,2023-12-29 02:18:03,,,https://product.hstatic.net/200000438087/product/nia_bb180c7b7fe8474d9c152a6960797219_master.png,,,true,154
342,2023-11-18 15:43:48,2023-12-29 02:18:03,,,https://product.hstatic.net/200000438087/product/cecdb0403c7cc885616a899e22fffea1_ba90942eafd04f7b8be85186c10821eb_master.jpg,,,true,155
343,2023-11-18 15:43:48,2023-12-29 02:18:03,,,https://product.hstatic.net/200000438087/product/hinh_web_bo_sung-11_55d3e35b99164213a959147fa7428e1e_master.png,,,true,156
344,2023-11-18 15:43:48,2023-12-29 02:18:03,,,https://product.hstatic.net/200000438087/product/hinh_web_bo_sung-06_9e3cf51865c24cc4a4a4110b4d3d51cc_master.png,,,true,157
345,2023-11-18 15:43:48,2023-12-29 02:18:03,,,https://product.hstatic.net/200000438087/product/1_a5a9d64aebf241b4be4d1ae2d12b6fd0_8e574e63f3984e93a71d6ba4402846d8_master.jpg,,,false,157
346,2023-11-18 15:43:48,2023-12-29 02:18:03,,,https://product.hstatic.net/200000438087/product/img_20231121_094718_3fe62d7c907941fabb994b6b1d01d26f_master.jpg,,,true,158
347,2023-11-18 15:43:48,2023-12-29 02:18:03,,,https://product.hstatic.net/200000438087/product/que_khuay_ca_phe__1__7c23bc329db74048860d26d9685f25a8_master.png,,,false,158
348,2023-11-18 15:43:48,2023-12-29 02:18:03,,,https://product.hstatic.net/200000438087/product/hu_kraft_nho_1__1__f2c47a2f2ddf479a8363467bce8d381b_master.png,,,true,159
349,2023-11-18 15:43:48,2023-12-29 02:18:03,,,https://product.hstatic.net/200000438087/product/hu_kraft_nho__1__23ed8f1f3a2f49c3b08f57d2a65c3024_master.png,,,false,159
350,2023-11-18 15:43:48,2023-12-29 02:18:03,,,https://product.hstatic.net/200000438087/product/untitled-3-30_55eb859014ea487aaa4666d96043714c_master.png,,,true,160
351,2023-11-18 15:43:48,2023-12-29 02:18:03,,,https://product.hstatic.net/200000438087/product/logo_eco_a7-03_53bc1c884db3400aa796cb5b5551a6ba_master.jpg,,,false,160
352,2023-11-18 15:43:48,2023-12-29 02:18:03,,,https://product.hstatic.net/200000438087/product/logo_eco_a7-04_fd2fed7113f940d481640b353102a751_master.jpg,,,false,160
353,2023-11-18 15:43:48,2023-12-29 02:18:03,,,https://product.hstatic.net/200000438087/product/1000038036_65ce3b07ec7b49b8a7f928d38b499fd4_master.jpg,,,false,160
354,2023-11-18 15:43:48,2023-12-29 02:18:03,,,https://product.hstatic.net/200000438087/product/hu_nhua__1__9702ce70c0014ff191d0c146f38410f2_master.png,,,true,161
355,2023-11-18 15:43:48,2023-12-29 02:18:03,,,https://product.hstatic.net/200000438087/product/2oz_nap_lien_1_2e335d6d36df4e4283bd4b822206365a_master.png,,,true,162
356,2023-11-18 15:43:48,2023-12-29 02:18:03,,,https://product.hstatic.net/200000438087/product/331027456_734752558251149_1651761606102693804_n_c362092b6e0243c891b39b8eb347ca52_master.jpg,,,true,163
357,2023-11-18 15:43:48,2023-12-29 02:18:03,,,https://product.hstatic.net/200000438087/product/352703032_282638720960156_3823871413343230866_n_1f4c8e3cb8974559a60649f6d6197a8c_master.jpg,,,false,163
358,2023-11-18 15:43:48,2023-12-29 02:18:03,,,https://product.hstatic.net/200000438087/product/352703032_282638720960156_3823871413343230866_n_7d592fabc9d54992a35ca7a89510b6a4_master.jpg,,,true,164
359,2023-11-18 15:43:48,2023-12-29 02:18:03,,,https://product.hstatic.net/200000438087/product/331027456_734752558251149_1651761606102693804_n_a9399116400d475c9068e4e20c13957a_master.jpg,,,false,164
360,2023-11-18 15:43:48,2023-12-29 02:18:03,,,https://product.hstatic.net/200000438087/product/logo_eco_a17-13_1b3ff28fc932434bbb4e555947082282_139a0168c05c43989721def05e6cff43_master.jpg,,,true,165
361,2023-11-18 15:43:48,2023-12-29 02:18:03,,,https://product.hstatic.net/200000438087/product/logo_eco_a17-13_1b3ff28fc932434bbb4e555947082282_3dc9aab3f013426585edf03bbe7e35c5_master.jpg,,,true,166
362,2023-11-18 15:43:48,2023-12-29 02:18:03,,,https://product.hstatic.net/200000438087/product/logo_eco_a17-11_415212bfce6042369ebb66d8880f686e_503ba47fd87a4344b9d026702f37601e_master.jpg,,,true,167
363,2023-11-18 15:43:48,2023-12-29 02:18:03,,,https://product.hstatic.net/200000438087/product/1000040266_e3c39085bb45433fbb347f89abeacf38_master.jpg,,,true,168
364,2023-11-18 15:43:48,2023-12-29 02:18:03,,,https://product.hstatic.net/200000438087/product/1000040265_21c0b3d1e97649fc96171447e08bddc2_master.jpg,,,true,169
365,2023-11-18 15:43:48,2023-12-29 02:18:03,,,https://product.hstatic.net/200000438087/product/untitled-4-16_be0767decddc46ce8c87337c016bff1d_6c1d83839bf94743bd45774edecbb5b0_master.jpg,,,true,170
366,2023-11-18 15:43:48,2023-12-29 02:18:03,,,https://product.hstatic.net/200000438087/product/logo_eco_a17-10_98281f3ed7ff452ca00a3fda6b4c1fb5_9d7951c63ff34ee0bc3b421feefba83f_master.jpg,,,false,170
367,2023-11-18 15:43:48,2023-12-29 02:18:03,,,https://product.hstatic.net/200000438087/product/untitled-4-17_12a03912e70c41748301a547ed0f0397_cd274f99cc68416098bc4bcb660e3af5_master.jpg,,,true,171
368,2023-11-18 15:43:48,2023-12-29 02:18:03,,,https://product.hstatic.net/200000438087/product/logo_eco_a17-09_4d31504b61ab4cfa8a3a080bf51974dc_34cb62da1f6e4ed588afaa3f8284a9c2_master.jpg,,,false,171
369,2023-11-18 15:43:48,2023-12-29 02:18:03,,,https://product.hstatic.net/200000438087/product/tam_que_coop_779ff3df384642ff91f668926e3eabdf_master.png,,,true,172
370,2023-11-18 15:43:48,2023-12-29 02:18:03,,,https://product.hstatic.net/200000438087/product/hinh_web_bo_sung-09_1bf478775f994c47be5ed9cf700b95d2_master.png,,,true,173
371,2023-11-18 15:43:48,2023-12-29 02:18:03,,,https://product.hstatic.net/200000438087/product/hinh_web_bo_sung-09_e79d69e1a6de4099b0418466a329b520_master.png,,,true,174
372,2023-11-18 15:43:48,2023-12-29 02:18:03,,,https://product.hstatic.net/200000438087/product/hinh_web_bo_sung-09_bba5bd9a3f3945a88467f1f49f1b62e6_master.png,,,true,175
373,2023-11-18 15:43:48,2023-12-29 02:18:03,,,https://product.hstatic.net/200000438087/product/hinh_web_bo_sung-09_07b04eb21f604c97af18f0f1635bc3b1_master.png,,,true,176
374,2023-11-18 15:43:48,2023-12-29 02:18:03,,,https://product.hstatic.net/200000438087/product/hinh_web_bo_sung-09_39f40add89e94ebea748525f185a499b_master.png,,,true,177
375,2023-11-18 15:43:48,2023-12-29 02:18:03,,,https://product.hstatic.net/200000438087/product/hinh_web_bo_sung-08_dc9e57ae67034448bf494dd5147463f5_master.png,,,true,178
376,2023-11-18 15:43:48,2023-12-29 02:18:03,,,https://product.hstatic.net/200000438087/product/a35__1__050e986c3c6543bb8a682e6e1a2a506e_master.png,,,true,179
377,2023-11-18 15:43:48,2023-12-29 02:18:03,,,https://product.hstatic.net/200000438087/product/b22__1__4850a4bc96864540bdb7e3415c043406_master.png,,,true,180
378,2023-11-18 15:43:48,2023-12-29 02:18:03,,,https://product.hstatic.net/200000438087/product/1000034688_6fef621a34ab454a90e411dc692b4c40_master.jpg,,,true,181
379,2023-11-18 15:43:48,2023-12-29 02:18:03,,,https://product.hstatic.net/200000438087/product/untitled-1-03_b9a5f8b2184442ae9c4fc4d1deb49def_master.png,,,true,182
380,2023-11-18 15:43:48,2023-12-29 02:18:03,,,https://product.hstatic.net/200000438087/product/untitled-1-02_18ee162eb5694638a7f07b921c33081c_434c25033b774a3ba51198655102d4d4_master.jpg,,,false,182
381,2023-11-18 15:43:48,2023-12-29 02:18:03,,,https://product.hstatic.net/200000438087/product/logo_eco_a15-06_94ce638e852b475689455f866441b8c4_ab8a394a44744b959c0a5dafa9ca416c_master.jpg,,,false,182
382,2023-11-18 15:43:48,2023-12-29 02:18:03,,,https://product.hstatic.net/200000438087/product/logo_eco_a15-05_edf438e997db4660883a0579af7f2bf9_f6d8a1e2d6e644feb96e3b3ee33089ae_master.jpg,,,false,182
383,2023-11-18 15:43:48,2023-12-29 02:18:03,,,https://product.hstatic.net/200000438087/product/img_20231121_112902_46e7d6af7ec548bdbeaa07f0c5851f72_master.jpg,,,false,182
384,2023-11-18 15:43:48,2023-12-29 02:18:03,,,https://product.hstatic.net/200000438087/product/untitled-1-03_db4eb45b11fb47179c19c6f0ca1bb46a_master.png,,,true,183
385,2023-11-18 15:43:48,2023-12-29 02:18:03,,,https://product.hstatic.net/200000438087/product/untitled-1-02_18ee162eb5694638a7f07b921c33081c_172dd4820c594020b388eac4e4773f4b_master.jpg,,,false,183
386,2023-11-18 15:43:48,2023-12-29 02:18:03,,,https://product.hstatic.net/200000438087/product/logo_eco_a15-03_856b939e9ebe41c59e0127c54d6dcbdc_43c3727573754fd5827fc04124261b10_master.jpg,,,false,183
387,2023-11-18 15:43:48,2023-12-29 02:18:03,,,https://product.hstatic.net/200000438087/product/logo_eco_a15-06_94ce638e852b475689455f866441b8c4_6eb6d0e5ee4b4eab96aed6b6aa9d91aa_master.jpg,,,false,183
388,2023-11-18 15:43:48,2023-12-29 02:18:03,,,https://product.hstatic.net/200000438087/product/logo_eco_a15-05_edf438e997db4660883a0579af7f2bf9_7d35eaad54774bffbaa5ee0f84208592_master.jpg,,,false,183
389,2023-11-18 15:43:48,2023-12-29 02:18:03,,,https://product.hstatic.net/200000438087/product/untitled-1-03_3f868b80845c44acbf463505e3e34dae_master.png,,,true,184
390,2023-11-18 15:43:48,2023-12-29 02:18:03,,,https://product.hstatic.net/200000438087/product/untitled-1-02_18ee162eb5694638a7f07b921c33081c_5710a45874b64009a7f8a63f926a98e4_master.jpg,,,false,184
391,2023-11-18 15:43:48,2023-12-29 02:18:03,,,https://product.hstatic.net/200000438087/product/logo_eco_a15-06_94ce638e852b475689455f866441b8c4_354c9d6f776045bf984a5f2ca845aad7_master.jpg,,,false,184
392,2023-11-18 15:43:48,2023-12-29 02:18:03,,,https://product.hstatic.net/200000438087/product/logo_eco_a15-05_edf438e997db4660883a0579af7f2bf9_00ed0635a0bc42e4b2a86ba0f998c33a_master.jpg,,,false,184
393,2023-11-18 15:43:48,2023-12-29 02:18:03,,,https://product.hstatic.net/200000438087/product/untitled-1-03_b23ee236ee5c4eb3b27df2c1e307d29c_master.png,,,true,185
394,2023-11-18 15:43:48,2023-12-29 02:18:03,,,https://product.hstatic.net/200000438087/product/untitled-1-02_18ee162eb5694638a7f07b921c33081c_1d5140b1badb4138a7623858c711822c_master.jpg,,,false,185
395,2023-11-18 15:43:48,2023-12-29 02:18:03,,,https://product.hstatic.net/200000438087/product/logo_eco_a15-06_94ce638e852b475689455f866441b8c4_a6dc26bf632a4698a4db96cdf80825b4_master.jpg,,,false,185
396,2023-11-18 15:43:48,2023-12-29 02:18:03,,,https://product.hstatic.net/200000438087/product/logo_eco_a15-05_edf438e997db4660883a0579af7f2bf9_2c65a04cbcaa4e2696cdcdc954a8bd07_master.jpg,,,false,185
397,2023-11-18 15:43:48,2023-12-29 02:18:03,,,https://product.hstatic.net/200000438087/product/untitled-1-05_e114b8d2fdba4e76b649db01ec232192_master.png,,,true,186
398,2023-11-18 15:43:48,2023-12-29 02:18:03,,,https://product.hstatic.net/200000438087/product/logo_eco_a12-12_ada5ce115b134c1eb90d8aea32c954f4_3facc439bdd9464cb0d202055aa06d78_master.jpg,,,false,186
399,2023-11-18 15:43:48,2023-12-29 02:18:03,,,https://product.hstatic.net/200000438087/product/logo_eco_a12-08_4880edde432a45c68d6087bf8e421867_cde64322ede4493b9f05faa86c5e7935_master.jpg,,,false,186
400,2023-11-18 15:43:48,2023-12-29 02:18:03,,,https://product.hstatic.net/200000438087/product/untitled-1-05_13bf521c3b164615bc58bdb1dce2a406_master.png,,,true,187
401,2023-11-18 15:43:48,2023-12-29 02:18:03,,,https://product.hstatic.net/200000438087/product/logo_eco_a12-12_ada5ce115b134c1eb90d8aea32c954f4_1b390a95d1f74399b3120a8c626d9248_master.jpg,,,false,187
402,2023-11-18 15:43:48,2023-12-29 02:18:03,,,https://product.hstatic.net/200000438087/product/logo_eco_a12-08_4880edde432a45c68d6087bf8e421867_961bed368ce2420eb6131edca1ad6e6f_master.jpg,,,false,187
403,2023-11-18 15:43:48,2023-12-29 02:18:03,,,https://product.hstatic.net/200000438087/product/untitled-1-05_2bf69d46fcca4565b4d00a7bbd3eb429_master.png,,,true,188
404,2023-11-18 15:43:48,2023-12-29 02:18:03,,,https://product.hstatic.net/200000438087/product/logo_eco_a12-12_ada5ce115b134c1eb90d8aea32c954f4_7b3a205971584f7fa2ac2018a3ed91c1_master.jpg,,,false,188
405,2023-11-18 15:43:48,2023-12-29 02:18:03,,,https://product.hstatic.net/200000438087/product/logo_eco_a12-08_4880edde432a45c68d6087bf8e421867_4124d5599b6247ddacda9762cd3e4732_master.jpg,,,false,188
406,2023-11-18 15:43:48,2023-12-29 02:18:03,,,https://product.hstatic.net/200000438087/product/untitled-1-05_6470b1d38bef4c8098eab1997b512542_master.png,,,true,189
407,2023-11-18 15:43:48,2023-12-29 02:18:03,,,https://product.hstatic.net/200000438087/product/untitled-1-09_0af2d7520db6435ab4f0018efcac87a5_f77b72af175346bdb66927e0459be4d1_master.jpg,,,true,190
408,2023-11-18 15:43:48,2023-12-29 02:18:03,,,https://product.hstatic.net/200000438087/product/untitled-1-08_b3a6d52a38444fb095716aaca9f92d68_cd43ccee8b5a4aa0b9cbe798299210bc_master.jpg,,,false,190
409,2023-11-18 15:43:48,2023-12-29 02:18:03,,,https://product.hstatic.net/200000438087/product/logo_eco_a15-11_411babf90d0f46838d8f090f780ef772_c742934ab51a4f4b8b766664e870406c_master.jpg,,,false,190
410,2023-11-18 15:43:48,2023-12-29 02:18:03,,,https://product.hstatic.net/200000438087/product/logo_eco_a15-10_41ff23148fbb41258dbfff1bb7a655cd_91a57d0d6e134f4aaf1e4967f4325ae8_master.jpg,,,false,190
411,2023-11-18 15:43:48,2023-12-29 02:18:03,,,https://product.hstatic.net/200000438087/product/w700__900__1200__1600_236fee507e0a4a06a7a976ef46ebea54_master.png,,,true,191
412,2023-11-18 15:43:48,2023-12-29 02:18:03,,,https://product.hstatic.net/200000438087/product/untitled-1-08_b3a6d52a38444fb095716aaca9f92d68_a6ffe9bb020a405db450c17c3b5c77ec_master.jpg,,,false,191
413,2023-11-18 15:43:48,2023-12-29 02:18:03,,,https://product.hstatic.net/200000438087/product/logo_eco_a15-11_411babf90d0f46838d8f090f780ef772_27b0736910f6460fb991865e446159cd_master.jpg,,,false,191
414,2023-11-18 15:43:48,2023-12-29 02:18:03,,,https://product.hstatic.net/200000438087/product/logo_eco_a15-10_41ff23148fbb41258dbfff1bb7a655cd_c7942dde6b04485daaf8dfdd51a75f99_master.jpg,,,false,191
415,2023-11-18 15:43:48,2023-12-29 02:18:03,,,https://product.hstatic.net/200000438087/product/w700__900__1200__1600_5fb954c64d3348a1b436bb067fcbae5b_master.png,,,true,192
416,2023-11-18 15:43:48,2023-12-29 02:18:03,,,https://product.hstatic.net/200000438087/product/untitled-1-08_b3a6d52a38444fb095716aaca9f92d68_dd97419d634344aeb4e1f90c5efc58e4_master.jpg,,,false,192
417,2023-11-18 15:43:48,2023-12-29 02:18:03,,,https://product.hstatic.net/200000438087/product/logo_eco_a15-11_411babf90d0f46838d8f090f780ef772_cc1eb3e2fb4c4ad3bf7864045f296538_master.jpg,,,false,192
418,2023-11-18 15:43:48,2023-12-29 02:18:03,,,https://product.hstatic.net/200000438087/product/logo_eco_a15-13_28b38c3e1a6d460583028f9d88b5f721_7393e60fbaa84e7fbeec62bb4f478fe9_master.jpg,,,false,192
419,2023-11-18 15:43:48,2023-12-29 02:18:03,,,https://product.hstatic.net/200000438087/product/logo_eco_a15-10_41ff23148fbb41258dbfff1bb7a655cd_f4280e8d903e4df9825d96b47ec5b5f5_master.jpg,,,false,192
420,2023-11-18 15:43:48,2023-12-29 02:18:03,,,https://product.hstatic.net/200000438087/product/w700__900__1200__1600_39516721f05b44bc9c3b68e5fb17cb79_master.png,,,true,193
421,2023-11-18 15:43:48,2023-12-29 02:18:03,,,https://product.hstatic.net/200000438087/product/untitled-1-08_b3a6d52a38444fb095716aaca9f92d68_c0a9d8312ef34d799ee67bcdb55e70f0_master.jpg,,,false,193
422,2023-11-18 15:43:48,2023-12-29 02:18:03,,,https://product.hstatic.net/200000438087/product/logo_eco_a15-11_411babf90d0f46838d8f090f780ef772_5bd912b9795e4a5d8834ce90891ac479_master.jpg,,,false,193
423,2023-11-18 15:43:48,2023-12-29 02:18:03,,,https://product.hstatic.net/200000438087/product/logo_eco_a15-10_41ff23148fbb41258dbfff1bb7a655cd_0c2699e27eb1402e9a0fe7bb0a8bce00_master.jpg,,,false,193
424,2023-11-18 15:43:48,2023-12-29 02:18:03,,,https://product.hstatic.net/200000438087/product/untitled-1-30_7c2022b0a7144d95ab00f665848f55ae_master.png,,,true,194
425,2023-11-18 15:43:48,2023-12-29 02:18:03,,,https://product.hstatic.net/200000438087/product/logo_eco_a14-01_2a7b9b78508b4141a0fb245225e5d79c_d82cf88b7c5c4a1d992aec5b8980a14d_master.jpg,,,false,194
426,2023-11-18 15:43:48,2023-12-29 02:18:03,,,https://product.hstatic.net/200000438087/product/logo_eco_a14-02_b55b3c8a34fc4d8da3825699bb23d709_6a974aae98014d24aa06c06e67500637_master.jpg,,,false,194
427,2023-11-18 15:43:48,2023-12-29 02:18:03,,,https://product.hstatic.net/200000438087/product/logo_eco_a14-03_533c72803b7246c485e18ee899730edb_8e880f3b1bf343e7a7cc444b072a2290_master.jpg,,,false,194
428,2023-11-18 15:43:48,2023-12-29 02:18:03,,,https://product.hstatic.net/200000438087/product/untitled-1-30_ac58e396560f40ca8076f800c9f83a75_master.png,,,true,195
429,2023-11-18 15:43:48,2023-12-29 02:18:03,,,https://product.hstatic.net/200000438087/product/untitled-1-29_a782cef89b45415e8eac1c554fc80a30_7bc5f225d28e4358b3b8e968510a6817_master.jpg,,,false,195
430,2023-11-18 15:43:48,2023-12-29 02:18:03,,,https://product.hstatic.net/200000438087/product/logo_eco_a14-01_2a7b9b78508b4141a0fb245225e5d79c_f3dd2a7e642e45f582c89a449e98a331_master.jpg,,,false,195
431,2023-11-18 15:43:48,2023-12-29 02:18:03,,,https://product.hstatic.net/200000438087/product/logo_eco_a14-03_533c72803b7246c485e18ee899730edb_cdc75cc514484589ac637392f37d88fc_master.jpg,,,false,195
432,2023-11-18 15:43:48,2023-12-29 02:18:03,,,https://product.hstatic.net/200000438087/product/untitled-1-30_3258c430c23e472d856d68cf15273123_master.png,,,true,196
433,2023-11-18 15:43:48,2023-12-29 02:18:03,,,https://product.hstatic.net/200000438087/product/untitled-1-29_a782cef89b45415e8eac1c554fc80a30_c6e3d1d15c884db7a1b34e0c6ecdf3c6_master.jpg,,,false,196
434,2023-11-18 15:43:48,2023-12-29 02:18:03,,,https://product.hstatic.net/200000438087/product/logo_eco_a14-01_2a7b9b78508b4141a0fb245225e5d79c_0a12c656fb00418393983d0173ba2d69_master.jpg,,,false,196
435,2023-11-18 15:43:48,2023-12-29 02:18:03,,,https://product.hstatic.net/200000438087/product/logo_eco_a14-03_533c72803b7246c485e18ee899730edb_89cf2d0a23974e49a4570d843a8157fe_master.jpg,,,false,196
436,2023-11-18 15:43:48,2023-12-29 02:18:03,,,https://product.hstatic.net/200000438087/product/untitled-1-30_11a562f48208467d895432dccf03d7f7_master.png,,,true,197
437,2023-11-18 15:43:48,2023-12-29 02:18:03,,,https://product.hstatic.net/200000438087/product/logo_eco_a14-01_2a7b9b78508b4141a0fb245225e5d79c_dea0e8ee58cc4023b5c78b000ce8143c_master.jpg,,,false,197
438,2023-11-18 15:43:48,2023-12-29 02:18:03,,,https://product.hstatic.net/200000438087/product/logo_eco_a14-03_533c72803b7246c485e18ee899730edb_bcbecd8ae1ae4e8f98bdad0235a20cd9_master.jpg,,,false,197
439,2023-11-18 15:43:48,2023-12-29 02:18:03,,,https://product.hstatic.net/200000438087/product/untitled-5-07_a987ef698e4e4b16be7a5a3d992865b1_master.png,,,true,198
440,2023-11-18 15:43:48,2023-12-29 02:18:03,,,https://product.hstatic.net/200000438087/product/untitled-5-07_745a50fd42a346d78260e278a3c1f12c_master.png,,,true,199
441,2023-11-18 15:43:48,2023-12-29 02:18:03,,,https://product.hstatic.net/200000438087/product/untitled-5-06_e4568c6ceb8e49c0ab21b2ff84b3601a_5bdaf923ec52405eb17a4a872a20f7db_master.jpg,,,false,199
442,2023-11-18 15:43:48,2023-12-29 02:18:03,,,https://product.hstatic.net/200000438087/product/logo_eco_a9-02_64c606f8f5884e7f89bf89d9ac85a90d_e6a0a3b702d14dd7be59aa23ef115929_master.jpg,,,false,199
443,2023-11-18 15:43:48,2023-12-29 02:18:03,,,https://product.hstatic.net/200000438087/product/logo_eco_a9-03_748f40e9d7554092aea23d8b5e43a792_56091fa2dc9343bfa73ae4dec1c04715_master.jpg,,,false,199
444,2023-11-18 15:43:48,2023-12-29 02:18:03,,,https://product.hstatic.net/200000438087/product/untitled-5-03_029a0a772d1747b1afd23a9e46fb7edc_b2b2941683fa412788311b835d3a688b_master.jpg,,,true,200
445,2023-11-18 15:43:48,2023-12-29 02:18:03,,,https://product.hstatic.net/200000438087/product/fest-daily-tray-500-ml-01_f8e44a98d0094ee4bbf023d9f3a69fcb_master.jpg,,,false,200
446,2023-11-18 15:43:48,2023-12-29 02:18:03,,,https://product.hstatic.net/200000438087/product/logo_eco_a9-06_cc41d9f985ee4a40844940d4d0d18c37_db811b44096840239cba0bfd529315e3_master.jpg,,,false,200
447,2023-11-18 15:43:48,2023-12-29 02:18:03,,,https://product.hstatic.net/200000438087/product/logo_eco_a9-07_46462103fa144ddb8c79baaa6e335b47_33ad899d8d6141d883711027c3c5d7e7_master.jpg,,,false,200
448,2023-11-18 15:43:48,2023-12-29 02:18:03,,,https://product.hstatic.net/200000438087/product/untitled-5-09_451b9dc43362418c88157d323358ddaa_22c2741863e24d9f9f12d889a85f480d_master.jpg,,,true,201
449,2023-11-18 15:43:48,2023-12-29 02:18:03,,,https://product.hstatic.net/200000438087/product/untitled-5-10_a836dccc5c8a47738e62cfa2886e386b_19f6b8baaf784d42b2854ad300a436a1_master.jpg,,,false,201
450,2023-11-18 15:43:48,2023-12-29 02:18:03,,,https://product.hstatic.net/200000438087/product/s6-__________________-01_ea8dc9483d054034b3323cc32e6ad129_master.jpg,,,false,201
451,2023-11-18 15:43:48,2023-12-29 02:18:03,,,https://product.hstatic.net/200000438087/product/fest-daily-tray-500-ml-01_dfc5dbae139448f1b92faf810f0678a8_master.jpg,,,false,201
452,2023-11-18 15:43:48,2023-12-29 02:18:03,,,https://product.hstatic.net/200000438087/product/logo_eco_a9-08_c3bcd4ddc7c349439b70ec9df1b5f060_8a899c1d339a4683854175e532b5e8e3_master.jpg,,,false,201
453,2023-11-18 15:43:48,2023-12-29 02:18:03,,,https://product.hstatic.net/200000438087/product/logo_eco_a9-10_ce785f58e51842619261809d98546130_e3edfc1c378e41ddbd1156aa327afba7_master.jpg,,,false,201
454,2023-11-18 15:43:48,2023-12-29 02:18:03,,,https://product.hstatic.net/200000438087/product/logo_eco_a9-09_a9276f705ea447c5acf8479e87433644_723888abe2a24d7e82775d2a905d4030_master.jpg,,,false,201
455,2023-11-18 15:43:48,2023-12-29 02:18:03,,,https://product.hstatic.net/200000438087/product/20231025_152100_1117c0ce0a1343f9b67d4fdc70b35883_master.png,,,true,202
456,2023-11-18 15:43:48,2023-12-29 02:18:03,,,https://product.hstatic.net/200000438087/product/20231025_152100_5d7f77aac9864e0ba37bb1a90cf4a95d_master.png,,,false,202
457,2023-11-18 15:43:48,2023-12-29 02:18:03,,,https://product.hstatic.net/200000438087/product/1_89b508bdf2574548b017c44f6cb27d59_master.png,,,true,203
458,2023-11-18 15:43:48,2023-12-29 02:18:03,,,https://product.hstatic.net/200000438087/product/2_273a52298c25480198e04c9a69969357_master.png,,,false,203
459,2023-11-18 15:43:48,2023-12-29 02:18:03,,,https://product.hstatic.net/200000438087/product/3_2c8914cd1b2b47558606c7e223fba951_master.png,,,false,203
460,2023-11-18 15:43:48,2023-12-29 02:18:03,,,https://product.hstatic.net/200000438087/product/4_623a9bd8097e46fd8903c9b1951ef91b_master.png,,,false,203
461,2023-11-18 15:43:48,2023-12-29 02:18:03,,,https://product.hstatic.net/200000438087/product/20231025_152302_6ca76eb9b25f4809bdcd26817f1498fe_master.png,,,true,204
462,2023-11-18 15:43:48,2023-12-29 02:18:03,,,https://product.hstatic.net/200000438087/product/20231025_152302_02276ccf91b14774a881480d729508e1_master.png,,,false,204
463,2023-11-18 15:43:48,2023-12-29 02:18:03,,,https://product.hstatic.net/200000438087/product/untitled-3-29_9e4c4cbc39b5470bb0003c6a913395e0_master.jpg,,,true,205
464,2023-11-18 15:43:48,2023-12-29 02:18:03,,,https://product.hstatic.net/200000438087/product/untitled-3-29_7c66c718c9dd415589f991b95cd27dbe_0ecba59671ad4dde811511d302aff3b9_master.jpg,,,true,206
465,2023-11-18 15:43:48,2023-12-29 02:18:03,,,https://product.hstatic.net/200000438087/product/logo_eco_a17-04_9eeee181abd2419c9c4eec14d9e41202_7590a0a90f9f48de9bdc8a431a9552ba_master.jpg,,,false,206
466,2023-11-18 15:43:48,2023-12-29 02:18:03,,,https://product.hstatic.net/200000438087/product/s_8574c7fc84724b95a3d8b8af6ac441ae_master.png,,,true,207
467,2023-11-18 15:43:48,2023-12-29 02:18:03,,,https://product.hstatic.net/200000438087/product/logo_eco_a17-14_e48e90e1ba914365b4057c48af680b1a_fc66512e2bc943cb986e3f8dbfd9423e_master.jpg,,,false,207
468,2023-11-18 15:43:48,2023-12-29 02:18:03,,,https://product.hstatic.net/200000438087/product/s__1__4ca548bbb4c84364abcb1de4b8240e6b_master.png,,,true,208
469,2023-11-18 15:43:48,2023-12-29 02:18:03,,,https://product.hstatic.net/200000438087/product/logo_eco_a17-14_e48e90e1ba914365b4057c48af680b1a_72f81c019e7840e9b829ffedb37b3ff6_master.jpg,,,false,208
470,2023-11-18 15:43:48,2023-12-29 02:18:03,,,https://product.hstatic.net/200000438087/product/s__2__b07a60fdc13840a9a0c98385e5458294_master.png,,,true,209
471,2023-11-18 15:43:48,2023-12-29 02:18:03,,,https://product.hstatic.net/200000438087/product/logo_eco_a17-14_e48e90e1ba914365b4057c48af680b1a_45f4e72b9b124c9fa80f880585c03c36_master.jpg,,,false,209
472,2023-11-18 15:43:48,2023-12-29 02:18:03,,,https://product.hstatic.net/200000438087/product/s__3__17f3fe201d8a431fbbc0cb19f5d09e0c_master.png,,,true,210
473,2023-11-18 15:43:48,2023-12-29 02:18:03,,,https://product.hstatic.net/200000438087/product/logo_eco_a17-14_e48e90e1ba914365b4057c48af680b1a_51f78fb68b864863ba736acd504d9ef6_master.jpg,,,false,210
474,2023-11-18 15:43:48,2023-12-29 02:18:03,,,https://product.hstatic.net/200000438087/product/fest-bio-brown-takeaway-box-600-ml-01_ca60b531c93f4ce0b36e639b774ba9d7_master.jpg,,,true,211
475,2023-11-18 15:43:48,2023-12-29 02:18:03,,,https://product.hstatic.net/200000438087/product/fest-bio-brown-takeaway-box-600-ml_7a596089cfc14c5b82b9e16c27b0b30d_master.png,,,false,211
476,2023-11-18 15:43:48,2023-12-29 02:18:03,,,https://product.hstatic.net/200000438087/product/3697badc94cb1b549402d5dec6a51_fba4e8459a364c6ba1ca43191179b8d6_compact_0a966140a46e4cc78003e36609cd7ac1_master.jpg,,,false,211
477,2023-11-18 15:43:48,2023-12-29 02:18:03,,,https://product.hstatic.net/200000438087/product/20230225_105303_178959d7c0504542a22282ed6a7c530c_compact_d03270c1bb6e451590e85a9d4513ac8e_master.jpg,,,false,211
478,2023-11-18 15:43:48,2023-12-29 02:18:03,,,https://product.hstatic.net/200000438087/product/20230225_105310_2fe366f9ecc24252a72ca84495893030_compact_ad2fc0b7f7b54aef83790a53a5a5aa7a_master.jpg,,,false,211
479,2023-11-18 15:43:48,2023-12-29 02:18:03,,,https://product.hstatic.net/200000438087/product/20230226_132311_4b20e4515ae1494697bfe25bdd57825a_master.png,,,true,212
480,2023-11-18 15:43:48,2023-12-29 02:18:03,,,https://product.hstatic.net/200000438087/product/20230226_132246_d5537e60f47f4794a1e30e5710d46d2a_master.png,,,false,212
481,2023-11-18 15:43:48,2023-12-29 02:18:03,,,https://product.hstatic.net/200000438087/product/logo_eco_a4-06_9ff66c377b0343c2a71c1af6ac2df1a7_4146065c620d4a079af493c6b41f2afd_master.jpg,,,false,212
482,2023-11-18 15:43:48,2023-12-29 02:18:03,,,https://product.hstatic.net/200000438087/product/logo_eco_a4-07_6bf8639173614583bde5da3d6f215caf_e6b01a64b6884b0389ae0efb439542d5_master.jpg,,,false,212
483,2023-11-18 15:43:48,2023-12-29 02:18:03,,,https://product.hstatic.net/200000438087/product/untitled-3-23_d468d212a14d432fb9567e82fe81a4c9_df87c4ee80eb45e9bad7849340c66543_master.jpg,,,true,213
484,2023-11-18 15:43:48,2023-12-29 02:18:03,,,https://product.hstatic.net/200000438087/product/fest-bio-brown-takeaway-box-600-ml-02_26a3697badc94cb1b549402d5dec6a51_fba4e8459a364c6ba1ca43191179b8d6_master.jpg,,,false,213
485,2023-11-18 15:43:48,2023-12-29 02:18:03,,,https://product.hstatic.net/200000438087/product/20230225_105310_2fe366f9ecc24252a72ca84495893030_master.jpg,,,false,213
486,2023-11-18 15:43:48,2023-12-29 02:18:03,,,https://product.hstatic.net/200000438087/product/20230225_105303_178959d7c0504542a22282ed6a7c530c_master.jpg,,,false,213
487,2023-11-18 15:43:48,2023-12-29 02:18:03,,,https://product.hstatic.net/200000438087/product/untitled-1-22_e46bc47c71644565a2a840ec353ccb76_master.png,,,true,214
488,2023-11-18 15:43:48,2023-12-29 02:18:03,,,https://product.hstatic.net/200000438087/product/logo_eco_a13-05_260c13bf01784c6cbb4b81e21a8d5fa5_05de56f2de954fb3a713b731c5b951b8_master.jpg,,,false,214
489,2023-11-18 15:43:48,2023-12-29 02:18:03,,,https://product.hstatic.net/200000438087/product/logo_eco_a13-13_9d70a19ab0b24fb58067efeb531e342e_83b3636c756744c68e31648827f9b726_master.jpg,,,false,214
490,2023-11-18 15:43:48,2023-12-29 02:18:03,,,https://product.hstatic.net/200000438087/product/logo_eco_a12-01_64f14956b1894b7f8a4f6e08703a7cfd_87f95a085a484b2fb8224e3a98e9c148_master.jpg,,,false,214
491,2023-11-18 15:43:48,2023-12-29 02:18:03,,,https://product.hstatic.net/200000438087/product/untitled-1-16_9080f211ca344240a74af714f7817485_master.png,,,true,215
492,2023-11-18 15:43:48,2023-12-29 02:18:03,,,https://product.hstatic.net/200000438087/product/untitled-1-17_ea30548da0934f2ab48c4831d6e81753_6659f605e455436395832c0f102e76b2_master.jpg,,,false,215
493,2023-11-18 15:43:48,2023-12-29 02:18:03,,,https://product.hstatic.net/200000438087/product/logo_eco_a12-03_8c9ce9c67f3945358bdc8bae04838eea_d5ba722b934f4d64844274f2b77546ac_master.jpg,,,false,215
494,2023-11-18 15:43:48,2023-12-29 02:18:03,,,https://product.hstatic.net/200000438087/product/logo_eco_a13-08_a3fb5531cb704d16adfafafd1095bd18_30e228ef6cdf4dc0980fa25926d37d51_master.jpg,,,false,215
495,2023-11-18 15:43:48,2023-12-29 02:18:03,,,https://product.hstatic.net/200000438087/product/untitled-1-20_99b37d07c2704fa9b806340d091e6e0e_master.png,,,true,216
496,2023-11-18 15:43:48,2023-12-29 02:18:03,,,https://product.hstatic.net/200000438087/product/untitled-1-18_6aa9cf03ac9a42a8adc9ceba1b473199_512a9531a3154acba650b5f813eaadd8_master.jpg,,,false,216
497,2023-11-18 15:43:48,2023-12-29 02:18:03,,,https://product.hstatic.net/200000438087/product/20230225_114024_f74123264fbd43f79b6caa9337a7b04b_master.jpg,,,false,216
498,2023-11-18 15:43:48,2023-12-29 02:18:03,,,https://product.hstatic.net/200000438087/product/20230225_114039_70e09b8b3d8c4cc8bb64edc62d05a6df_master.jpg,,,false,216
499,2023-11-18 15:43:48,2023-12-29 02:18:03,,,https://product.hstatic.net/200000438087/product/20230225_113947_57f60f480e4c4d69a0a8d182f886dcb3_master.jpg,,,false,216
500,2023-11-18 15:43:48,2023-12-29 02:18:03,,,https://product.hstatic.net/200000438087/product/ba_mia_1000ml_e8cff9cb466e43768bdc3db5b06b53c9_master.png,,,true,217
501,2023-11-18 15:43:48,2023-12-29 02:18:03,,,https://product.hstatic.net/200000438087/product/untitled-1-21_f2d6a1c3fd3c44758158d00e316e91e3_master.jpg,,,false,217
502,2023-11-18 15:43:48,2023-12-29 02:18:03,,,https://product.hstatic.net/200000438087/product/untitled-2-03_eb3b9e0fe963463a942e58d7ef5752b1_master.png,,,true,218
503,2023-11-18 15:43:48,2023-12-29 02:18:03,,,https://product.hstatic.net/200000438087/product/logo_eco_a16-02_482ee2c277734d90afad2ee1271bc598_3238a38a200b4d19920331d15d3bdd24_master.jpg,,,false,218
504,2023-11-18 15:43:48,2023-12-29 02:18:03,,,https://product.hstatic.net/200000438087/product/logo_eco_a16-03_255503ee24e240cdbfd6fafc064fdd2c_master.jpg,,,false,218
505,2023-11-18 15:43:48,2023-12-29 02:18:03,,,https://product.hstatic.net/200000438087/product/tui_banh_mi_que_new_77d23b13f95f43f29bf35a37cc72bc51_master.png,,,true,219
506,2023-11-18 15:43:48,2023-12-29 02:18:03,,,https://product.hstatic.net/200000438087/product/hinh_web_bo_sung-10_c9a8954cc6b441a797cf9eb3c15e8cba_master.png,,,true,220
507,2023-11-18 15:43:48,2023-12-29 02:18:03,,,https://product.hstatic.net/200000438087/product/20231025_152019_c4ffe47aaacd4c26b9d383c86d3daf29_master.png,,,true,221
508,2023-11-18 15:43:48,2023-12-29 02:18:03,,,https://product.hstatic.net/200000438087/product/tui_giay__9.5x4.8x26cm_kn31cs__ed88106104cd4594a30b2e60f7dd955b_master.png,,,true,222
509,2023-11-18 15:43:48,2023-12-29 02:18:03,,,https://product.hstatic.net/200000438087/product/20231025_152438_4aeddee0ea0c474aa30efae2aee0f588_master.png,,,true,223
510,2023-11-18 15:43:48,2023-12-29 02:18:03,,,https://product.hstatic.net/200000438087/product/paper_bag_without_handle_2_61ce8a48cabe4302b1315fcf49054c6e_master.jpg,,,true,224
511,2023-11-18 15:43:48,2023-12-29 02:18:03,,,https://product.hstatic.net/200000438087/product/1000040177_daf2c9fad71d4478936b476225f5fab5_master.jpg,,,true,225
512,2023-11-18 15:43:48,2023-12-29 02:18:03,,,https://product.hstatic.net/200000438087/product/paper_bag_without_handle_2_5dc52081c7e147e3b22938f3ea190607_master.jpg,,,true,226
513,2023-11-18 15:43:48,2023-12-29 02:18:03,,,https://product.hstatic.net/200000438087/product/hinh_web_bo_sung-18-1_4c10166e074543c0bc2f563c1353c547_master.png,,,true,227
514,2023-11-18 15:43:48,2023-12-29 02:18:03,,,https://product.hstatic.net/200000438087/product/hinh_web_bo_sung-18-1_ef3da9668c9f474c94463f6a60940af5_master.png,,,true,228
515,2023-11-18 15:43:48,2023-12-29 02:18:03,,,https://product.hstatic.net/200000438087/product/hinh_web_bo_sung-18-1_a18f0219181f469fbbebf1ad9807bca6_master.png,,,true,229
516,2023-11-18 15:43:48,2023-12-29 02:18:03,,,https://product.hstatic.net/200000438087/product/hinh_web_bo_sung-18-1_8d174d727cfe4d1da2880f38172cb1d7_master.png,,,true,230
517,2023-11-18 15:43:48,2023-12-29 02:18:03,,,https://product.hstatic.net/200000438087/product/hinh_web_bo_sung-18-1_ed49204251d54712a5eeec4c6388bd13_master.png,,,true,231
518,2023-11-18 15:43:48,2023-12-29 02:18:03,,,https://product.hstatic.net/200000438087/product/hinh_web_bo_sung-18-1_d813cae0b29c45e09f3f689274f51085_master.png,,,true,232
519,2023-11-18 15:43:48,2023-12-29 02:18:03,,,https://product.hstatic.net/200000438087/product/hinh_web_bo_sung-18-1_9866b7bce1a6420286e5fab1e57f69f7_master.png,,,true,233
